,tailnum,qa_tailnum,qa_year,qa_type,qa_manufacturer,qa_model,qa_engines,qa_seats,qa_speed,qa_engine
0,N102UW,,,,C,,,,M,
1,N103US,,,,C,,,,M,
2,N104UW,,,,C,,,,M,
3,N105UW,,,,C,,,,M,
4,N107US,,,,C,,,,M,
5,N108UW,,,,C,,,,M,
6,N109UW,,,,C,,,,M,
7,N110UW,,,,C,,,,M,
8,N111US,,,,C,,,,M,
9,N11206,F,,,,,,,M,
10,N112US,,,,C,,,,M,
11,N113UW,,,,C,,,,M,
12,N114UW,,,,C,,,,M,
13,N117UW,,,,C,,,,M,
14,N118US,,,,C,,,,M,
15,N119US,,,,C,,,,M,
16,N1200K,,,,,,,,M,
17,N1201P,,,,,,,,M,
18,N12114,F,,,,,,,M,
19,N121DE,,,,,,,,M,
20,N121UW,,,,C,,,,M,
21,N12216,F,,,,,,,M,
22,N12218,F,,,,,,,M,
23,N12221,F,,,,,,,M,
24,N12225,F,,,,,,,M,
25,N12238,F,,,,,,,M,
26,N122US,,,,C,,,,M,
27,N123UW,,,,C,,,,M,
28,N124DE,,,,,,,,M,
29,N124US,,,,C,,,,M,
30,N125DL,,,,,,,,M,
31,N125UW,,,,,,,,M,
32,N126DL,,,,,,,,M,
33,N126UW,,,,,,,,M,
34,N127DL,,,,,,,,M,
35,N127UW,,,,,,,,M,
36,N128DL,,,,,,,,M,
37,N128UW,,,,,,,,M,
38,N129DL,,,,,,,,M,
39,N130DL,,,,,,,,M,
40,N13248,F,,,,,,,M,
41,N136DL,,,,,,,,M,
42,N13716,F,,,,,,,M,
43,N13718,F,,,,,,,M,
44,N137DL,,,,,,,,M,
45,N138DL,,,,,,,,M,
46,N139DL,,,,,,,,M,
47,N1402A,,,,,,,,M,
48,N140LL,,,,,,,,M,
49,N14214,F,,,,,,,M,
50,N14219,F,,,,,,,M,
51,N14228,F,,,,,,,M,
52,N14230,F,,,,,,,M,
53,N14231,F,,,,,,,M,
54,N14237,F,,,,,,,M,
55,N14242,F,,,,,,,M,
56,N14250,F,,,,,,,M,
57,N143DA,,,,,,,,M,
58,N144DA,,,,,,,,M,
59,N14704,F,,,,,,,M,
60,N14731,F,,,,,,,M,
61,N150UW,,,,,,,,M,
62,N151UW,,,,,,,,M,
63,N152DL,,,,,,,,M,
64,N152UW,,,,,,,,M,
65,N153DL,,,,,,,,M,
66,N153UW,,,,,,,,M,
67,N154DL,,,,,,,,M,
68,N154UW,,,,,,,,M,
69,N155UW,,,,,,,,M,
70,N156DL,,,,,,,,M,
71,N156UW,,,,,,,,M,
72,N15710,F,,,,,,,M,
73,N15712,F,,,,,,,M,
74,N157UW,,,,,,,,M,
75,N1602,F,,,,,,,M,
76,N1603,F,,,,,,,M,
77,N1604R,,,,,,,,M,
78,N1605,F,,,,,,,M,
79,N16065,F,,,,,,,M,
80,N1607B,,,,,,,,M,
81,N1608,F,,,,,,,M,
82,N1609,F,,,,,,,M,
83,N1610D,,,,,,,,M,
84,N1611B,,,,,,,,M,
85,N1612T,,,,,,,,M,
86,N1613B,,,,,,,,M,
87,N161PQ,,,,C,,,,M,
88,N161UW,,,,C,,,,M,
89,N16217,F,,,,,,,M,
90,N16234,F,,,,,,,M,
91,N162PQ,,,,C,,,,M,
92,N162UW,,,,C,,,,M,
93,N163US,,,,C,,,,M,
94,N165US,,,,C,,,,M,
95,N16701,F,,,,,,,M,
96,N16703,F,,,,,,,M,
97,N16709,F,,,,,,,M,
98,N16713,F,,,,,,,M,
99,N16732,F,,,,,,,M,
100,N167US,,,,C,,,,M,
101,N169DZ,,,,,,,,M,
102,N169UW,,,,C,,,,M,
103,N170PQ,,,,C,,,,M,
104,N170US,,,,C,,,,M,
105,N171DN,,,,,,,,M,
106,N171DZ,,,,,,,,M,
107,N171US,,,,C,,,,M,
108,N17229,F,,,,,,,M,
109,N17233,F,,,,,,,M,
110,N17244,F,,,,,,,M,
111,N17245,F,,,,,,,M,
112,N172DN,,,,,,,,M,
113,N172DZ,,,,,,,,M,
114,N172US,,,,C,,,,M,
115,N173DZ,,,,,,,,M,
116,N173US,,,,C,,,,M,
117,N174DN,,,,,,,,M,
118,N174DZ,,,,,,,,M,
119,N174US,,M,,C,,,,M,
120,N175DN,,,,,,,,M,
121,N175DZ,,,,,,,,M,
122,N176DN,,,,,,,,M,
123,N176DZ,,,,,,,,M,
124,N176UW,,,,C,,,,M,
125,N17719,F,,,,,,,M,
126,N17730,F,,,,,,,M,
127,N177DN,,,,,,,,M,
128,N177DZ,,,,,,,,M,
129,N177US,,M,,C,,,,M,
130,N178DN,,,,,,,,M,
131,N178DZ,,,,,,,,M,
132,N178US,,,,C,,,,M,
133,N179DN,,,,,,,,M,
134,N179UW,,,,C,,,,M,
135,N180US,,,,C,,,,M,
136,N181DN,,,,,,,,M,
137,N181UW,,M,,C,,,,M,
138,N18220,F,,,,,,,M,
139,N18223,F,,,,,,,M,
140,N18243,F,,,,,,,M,
141,N182DN,,,,,,,,M,
142,N182UW,,,,C,,,,M,
143,N183DN,,,,,,,,M,
144,N183UW,,,,C,,,,M,
145,N184DN,,,,,,,,M,
146,N184US,,,,C,,,,M,
147,N185DN,,,,,,,,M,
148,N185UW,,,,C,,,,M,
149,N186DN,,,,,,,,M,
150,N186US,,,,,,,,M,
151,N187PQ,,,,C,,,,M,
152,N187US,,,,,,,,M,
153,N188DN,,,,,,,,M,
154,N188US,,,,,,,,M,
155,N189DN,,,,,,,,M,
156,N189UW,,,,C,,,,M,
157,N190DN,,,,,,,,M,
158,N190UW,,,,C,,,,M,
159,N191UW,,,,C,,,,M,
160,N192DN,,,,,,,,M,
161,N192UW,,,,C,,,,M,
162,N193DN,,,,,,,,M,
163,N193UW,,,,,,,,M,
164,N194DN,,,,,,,,M,
165,N194UW,,M,,,,,,M,
166,N195UW,,,,,,,,M,
167,N196UW,,,,,,,,M,
168,N197DN,,,,,,,,M,
169,N197UW,,,,,,,,M,
170,N198DN,,,,,,,,M,
171,N198UW,,,,,,,,M,
172,N199DN,,,,,,,,M,
173,N199UW,,,,,,,,M,
174,N200WN,,,,,,,,M,
175,N201AA,,,,,,,,,C
176,N201FR,,,,,,,,M,
177,N201LV,,,,,,,,M,
178,N202AA,,,,,,,,,C
179,N202FR,,,,,,,,M,
180,N202WN,,,,,,,,M,
181,N203FR,,,,C,,,,M,
182,N203WN,,,,,,,,M,
183,N204FR,,,,,,,,M,
184,N204WN,,,,,,,,M,
185,N205FR,,,,,,,,M,
186,N205WN,,,,,,,,M,
187,N206FR,,,,,,,,M,
188,N206WN,,,,,,,,M,
189,N207FR,,,,,,,,M,
190,N207UW,,,,,,,,M,
191,N207WN,,,,,,,,M,
192,N208FR,,,,,,,,M,
193,N208WN,,,,,,,,M,
194,N209FR,,,,,,,,M,
195,N209WN,,,,,,,,M,
196,N210FR,,,,,,,,M,
197,N210WN,,,,,,,,M,
198,N211FR,,,,,,,,M,
199,N211WN,,,,,,,,M,
200,N212WN,,,,,,,,M,
201,N213FR,,,,,,,,M,
202,N213WN,,,,,,,,M,
203,N214FR,,,,,,,,M,
204,N214WN,,,,,,,,M,
205,N215AG,,,,C,,,,M,
206,N215WN,,,,,,,,M,
207,N216AG,,,,C,,,,M,
208,N216FR,,,,,,,,M,
209,N216WR,,,,,,,,M,
210,N21723,F,,,,,,,M,
211,N217AG,,,,C,,,,M,
212,N217JC,,,,,,,,M,
213,N217SW,,,,,,,,M,
214,N218AG,,,,C,,,,M,
215,N218FR,,,,C,,,,M,
216,N218WN,,,,,,,,M,
217,N219AG,,,,C,,,,M,
218,N219FR,,,,,,,,M,
219,N219WN,,,,,,,,M,
220,N220FR,,,,,,,,M,
221,N220WN,,,,,,,,M,
222,N221FR,,,,,,,,M,
223,N221SW,,,,,,,,M,
224,N221WN,,,,,,,,M,
225,N222WN,,,,,,,,M,
226,N223AG,,,,C,,,,M,
227,N223FR,,,,,,,,M,
228,N223SW,,,,,,,,M,
229,N223WN,,,,,,,,M,
230,N224AG,,,,C,,,,M,
231,N224SW,,,,,,,,M,
232,N224WN,,,,,,,,M,
233,N225AG,,,,C,,,,M,
234,N225WN,,,,,,,,M,
235,N226WN,,,,,,,,M,
236,N227AG,,,,C,,,,M,
237,N227FR,,,,,,,,M,
238,N227WN,,,,,,,,M,
239,N228WN,,,,,,,,M,
240,N229SW,,,,,,,,M,
241,N229WN,,,,,,,,M,
242,N230WN,,,,,,,,M,
243,N231WN,,,,,,,,M,
244,N232WN,,,,,,,,M,
245,N233LV,,,,,,,,M,
246,N233SW,,,,,,,,M,
247,N234SW,,,,,,,,M,
248,N234WN,,,,,,,,M,
249,N235SW,,I,,,,,,M,
250,N235WN,,,,,,,,M,
251,N236WN,,,,,,,,M,
252,N23707,F,,,,,,,M,
253,N23708,F,,,,,,,M,
254,N23721,F,,,,,,,M,
255,N237SW,,,,,,,,M,
256,N237WN,,,,,,,,M,
257,N238WN,,,,,,,,M,
258,N239WN,,,,,,,,M,
259,N240WN,,,,,,,,M,
260,N241WN,,,,,,,,M,
261,N24202,F,,,,,,,M,
262,N24211,F,,,,,,,M,
263,N24212,F,,,,,,,M,
264,N24224,F,,,,,,,M,
265,N242WN,,,,,,,,M,
266,N243WN,,,,,,,,M,
267,N244WN,,,,,,,,M,
268,N245WN,,,,,,,,M,
269,N246LV,,,,,,,,M,
270,N24702,F,,,,,,,M,
271,N24706,F,,,,,,,M,
272,N24715,F,,,,,,,M,
273,N24729,F,,,,,,,M,
274,N247WN,,,,,,,,M,
275,N248WN,,,,,,,,M,
276,N249WN,,,,,,,,M,
277,N250WN,,,,,,,,M,
278,N251WN,,,,,,,,M,
279,N252WN,,,,,,,,M,
280,N253WN,,,,,,,,M,
281,N254WN,,,,,,,,M,
282,N255WN,,,,,,,,M,
283,N256WN,,,,,,,,M,
284,N25705,F,,,,,,,M,
285,N257WN,,,,,,,,M,
286,N258WN,,,,,,,,M,
287,N259WN,,,,,,,,M,
288,N260WN,,,,,,,,M,
289,N261WN,,,,,,,,M,
290,N26208,F,,,,,,,M,
291,N26210,F,,,,,,,M,
292,N26215,F,,,,,,,M,
293,N26226,F,,,,,,,M,
294,N262WN,,,,,,,,M,
295,N263WN,,,,,,,,M,
296,N264LV,,,,,,,,M,
297,N265WN,,,,,,,,M,
298,N266WN,,,,,,,,M,
299,N267WN,,,,,,,,M,
300,N268WN,,,,,,,,M,
301,N269WN,,,,,,,,M,
302,N270WN,,,,,,,,M,
303,N270YV,,,,,,,,M,
304,N271LV,,M,,,,,,M,
305,N27205,F,,,,,,,M,
306,N27213,F,,,,,,,M,
307,N27239,F,,,,,,,M,
308,N272WN,,,,,,,,M,
309,N273WN,,,,,,,,M,
310,N27421,F,,,,,,,M,
311,N27477,F,,,,,,,M,
312,N274WN,,,,,,,,M,
313,N275WN,,,,,,,,M,
314,N276WN,,,,,,,,M,
315,N27722,F,,,,,,,M,
316,N27724,F,,,,,,,M,
317,N27733,F,,,,,,,M,
318,N277WN,,,,,,,,M,
319,N278WN,,,,,,,,M,
320,N279WN,,,,,,,,M,
321,N280WN,,,,,,,,M,
322,N281WN,,,,,,,,M,
323,N282WN,,,,,,,,M,
324,N283WN,,,,,,,,M,
325,N28457,F,,,,,,,M,
326,N28478,F,,,,,,,M,
327,N284WN,,,,,,,,M,
328,N285WN,,,,,,,,M,
329,N286WN,,,,,,,,M,
330,N287WN,,,,,,,,M,
331,N288WN,,,,,,,,M,
332,N289CT,,,,,,,,M,
333,N290SW,,,,,,,,M,
334,N290WN,,,,,,,,M,
335,N291SW,,,,,,,,M,
336,N291WN,,,,,,,,M,
337,N292SW,,,,,,,,M,
338,N292WN,,,,,,,,M,
339,N293WN,,,,,,,,M,
340,N294SW,,,,,,,,M,
341,N294WN,,,,,,,,M,
342,N295SW,,,,,,,,M,
343,N295WN,,,,,,,,M,
344,N296SW,,,,,,,,M,
345,N296WN,,,,,,,,M,
346,N29717,F,,,,,,,M,
347,N297SW,,,,,,,,M,
348,N297WN,,,,,,,,M,
349,N298SW,,,,,,,,M,
350,N298WN,,M,,,,,,M,
351,N299SW,,,,,,,,M,
352,N299WN,,M,,,,,,M,
353,N301NB,,,,C,,,,M,
354,N302AS,,,,,,,,M,
355,N302DQ,,,,,,,,M,
356,N302NB,,,,C,,,,M,
357,N303AS,,,,,,,,M,
358,N30401,F,,,,,,,M,
359,N305AS,,,,,,,,M,
360,N306AS,,,,,,,,M,
361,N306DQ,,,,,,,,M,
362,N307AS,,,,,,,,M,
363,N309AS,,,,,,,,M,
364,N309US,,,,C,,,,M,
365,N310NW,,,,C,,,,M,
366,N311US,,,,C,,,,M,
367,N312US,,,,C,,,,M,
368,N313US,,,,C,,,,M,
369,N31412,F,,,,,,,M,
370,N314NB,,,,C,,,,M,
371,N314US,,,,C,,,,M,
372,N315AS,,,,,,,,M,
373,N315NB,,,,C,,,,M,
374,N315US,,,,C,,,,M,
375,N316NB,,,,C,,,,M,
376,N316US,,,,C,,,,M,
377,N317AS,,,,,,,,M,
378,N317NB,,,,C,,,,M,
379,N317US,,,,C,,,,M,
380,N317WN,,,,,,,,M,
381,N318AS,,,,,,,,M,
382,N318NB,,,,C,,,,M,
383,N318US,,,,C,,,,M,
384,N319AS,,,,,,,,M,
385,N319NB,,,,C,,,,M,
386,N319US,,,,C,,,,M,
387,N320AS,,,,,,,,M,
388,N320NB,,,,C,,,,M,
389,N320US,,,,C,,,,M,
390,N321NB,,,,C,,,,M,
391,N321US,,,,C,,,,M,
392,N322NB,,,,C,,,,M,
393,N322US,,,,C,,,,M,
394,N323AS,,,,,,,,M,
395,N323NB,,,,C,,,,M,
396,N323US,,,,C,,,,M,
397,N32404,F,,,,,,,M,
398,N324NB,,,,C,,,,M,
399,N324US,,,,C,,,,M,
400,N325NB,,,,C,,,,M,
401,N325US,,,,C,,,,M,
402,N326NB,,,,C,,,,M,
403,N326US,,,,C,,,,M,
404,N327NB,,,,C,,,,M,
405,N327NW,,,,C,,,,M,
406,N328NW,,,,C,,,,M,
407,N329NB,,,,C,,,,M,
408,N329NW,,,,C,,,,M,
409,N330NB,,,,C,,,,M,
410,N330NW,,,,C,,,,M,
411,N331NB,,M,,C,,,,M,
412,N331NW,,,,C,,,,M,
413,N33203,F,,,,,,,M,
414,N33209,F,,,,,,,M,
415,N33262,F,,,,,,,M,
416,N33264,F,,,,,,,M,
417,N33266,F,,,,,,,M,
418,N33284,F,,,,,,,M,
419,N33286,F,,,,,,,M,
420,N33289,F,,,,,,,M,
421,N33292,F,M,,,,,,M,
422,N33294,F,,,,,,,M,
423,N332NB,,,,C,,,,M,
424,N332NW,,,,C,,,,M,
425,N333NB,,,,C,,,,M,
426,N333NW,,,,C,,,,M,
427,N334NB,,,,C,,,,M,
428,N334NW,,,,C,,,,M,
429,N335NB,,,,C,,,,M,
430,N335NW,,,,C,,,,M,
431,N336NB,,,,C,,,,M,
432,N336NW,,,,C,,,,M,
433,N33714,F,,,,,,,M,
434,N337NB,,,,C,,,,M,
435,N337NW,,,,C,,,,M,
436,N338NB,,,,,,,,M,
437,N338NW,,,,C,,,,M,
438,N339NB,,,,,,,,M,
439,N339NW,,,,C,,,,M,
440,N340LV,,,,,,,,M,
441,N340NB,,,,,,,,M,
442,N340NW,,,,C,,,,M,
443,N341NB,,,,,,,,M,
444,N341NW,,,,C,,,,M,
445,N34222,F,,,,,,,M,
446,N34282,F,,,,,,,M,
447,N342NB,,,,,,,,M,
448,N342NW,,,,C,,,,M,
449,N343NB,,,,,,,,M,
450,N343NW,,,,C,,,,M,
451,N34455,F,,,,,,,M,
452,N34460,F,,,,,,,M,
453,N344NB,,,,,,,,M,
454,N344NW,,,,C,,,,M,
455,N345NB,,M,,,,,,M,
456,N345NW,,,,C,,,,M,
457,N345SA,,,,,,,,M,
458,N346NB,,,,,,,,M,
459,N346SW,,,,,,,,M,
460,N347AA,,,,,,,,M,
461,N347NB,,,,,,,,M,
462,N347NW,,,,C,,,,M,
463,N348NB,,,,,,,,M,
464,N348NW,,,,C,,,,M,
465,N349NB,,,,,,,,M,
466,N349NW,,,,C,,,,M,
467,N349SW,,,,,,,,M,
468,N350NA,,,,C,,,,M,
469,N351NB,,,,,,,,M,
470,N351NW,,,,C,,,,M,
471,N35204,F,,,,,,,M,
472,N35260,F,,,,,,,M,
473,N35271,F,,,,,,,M,
474,N352NB,,,,,,,,M,
475,N352NW,,,,C,,,,M,
476,N352SW,,,,,,,,M,
477,N353NB,,,,,,,,M,
478,N353NW,,,,C,,,,M,
479,N353SW,,,,,,,,M,
480,N35407,F,,,,,,,M,
481,N354NW,,,,C,,,,M,
482,N354SW,,,,,,,,M,
483,N355NB,,,,,,,,M,
484,N355NW,,,,C,,,,M,
485,N355SW,,,,,,,,M,
486,N356NW,,,,C,,,,M,
487,N356SW,,,,,,,,M,
488,N357NW,,,,C,,,,M,
489,N357SW,,,,,,,,M,
490,N358NB,,,,,,,,M,
491,N358NW,,,,C,,,,M,
492,N358SW,,,,,,,,M,
493,N359NB,,,,,,,,M,
494,N359NW,,,,C,,,,M,
495,N359SW,,,,,,,,M,
496,N360NB,,,,,,,,M,
497,N360NW,,,,C,,,,M,
498,N360SW,,,,,,,,M,
499,N361NB,,,,,,,,M,
500,N361NW,,,,C,,,,M,
501,N361SW,,,,,,,,M,
502,N361VA,,,,,,,,M,
503,N36207,F,,,,,,,M,
504,N36247,F,,,,,,,M,
505,N36272,F,,,,,,,M,
506,N36280,F,,,,,,,M,
507,N362NB,,,,,,,,M,
508,N362NW,,,,C,,,,M,
509,N362SW,,,,,,,,M,
510,N363NB,,,,,,,,M,
511,N363NW,,,,C,,,,M,
512,N363SW,,,,,,,,M,
513,N36444,F,,,,,,,M,
514,N36447,F,,,,,,,M,
515,N36469,F,,,,,,,M,
516,N36472,F,,,,,,,M,
517,N36476,F,,,,,,,M,
518,N364NB,,,,,,,,M,
519,N364NW,,,,C,,,,M,
520,N364SW,,,,,,,,M,
521,N365NB,,,,,,,,M,
522,N365NW,,,,C,,,,M,
523,N365SW,,,,,,,,M,
524,N366NB,,,,,,,,M,
525,N366NW,,,,C,,,,M,
526,N366SW,,,,,,,,M,
527,N367NW,,,,C,,,,M,
528,N367SW,,,,,,,,M,
529,N368NB,,,,,,,,M,
530,N368NW,,,,C,,,,M,
531,N368SW,,,,,,,,M,
532,N369NB,,,,,,,,M,
533,N369NW,,,,C,,,,M,
534,N369SW,,,,,,,,M,
535,N370HA,,,,,,,,M,
536,N370NW,,,,C,,,,M,
537,N370SW,,,,,,,,M,
538,N371DA,,,,,,,,M,
539,N371NB,,,,,,,,M,
540,N371NW,,,,C,,,,M,
541,N371SW,,,,,,,,M,
542,N37252,F,,,,,,,M,
543,N37253,F,,,,,,,M,
544,N37255,F,,,,,,,M,
545,N37263,F,,,,,,,M,
546,N37267,F,,,,,,,M,
547,N37273,F,,,,,,,M,
548,N37274,F,,,,,,,M,
549,N37277,F,,,,,,,M,
550,N37281,F,,,,,,,M,
551,N37287,F,,,,,,,M,
552,N37290,F,,,,,,,M,
553,N37293,F,,,,,,,M,
554,N37298,F,,,,,,,M,
555,N372DA,,,,,,,,M,
556,N372NW,,,,C,,,,M,
557,N372SW,,,,,,,,M,
558,N3730B,,,,,,,,M,
559,N3731T,,,,,,,,M,
560,N3732J,,,,,,,,M,
561,N3733Z,,,,,,,,M,
562,N3734B,,,,,,,,M,
563,N3735D,,,,,,,,M,
564,N3736C,,,,,,,,M,
565,N3737C,,,,,,,,M,
566,N3738B,,,,,,,,M,
567,N3739P,,,,,,,,M,
568,N373DA,,,,,,,,M,
569,N373HA,,,,,,,,M,
570,N373NW,,,,C,,,,M,
571,N373SW,,,,,,,,M,
572,N37408,F,,,,,,,M,
573,N37409,F,,,,,,,M,
574,N3740C,,,,,,,,M,
575,N37413,F,,,,,,,M,
576,N37419,F,,,,,,,M,
577,N3741S,,,,,,,,M,
578,N37420,F,,,,,,,M,
579,N37422,F,,,,,,,M,
580,N37427,F,,,,,,,M,
581,N3742C,,,,,,,,M,
582,N37434,F,,,,,,,M,
583,N37437,F,,,,,,,M,
584,N3743H,,,,,,,,M,
585,N3744F,,,,,,,,M,
586,N37456,F,,,,,,,M,
587,N3745B,,,,,,,,M,
588,N37462,F,,,,,,,M,
589,N37464,F,,,,,,,M,
590,N37465,F,,,,,,,M,
591,N37466,F,,,,,,,M,
592,N37468,F,,,,,,,M,
593,N3746H,,,,,,,,M,
594,N37470,F,,,,,,,M,
595,N37471,F,,,,,,,M,
596,N37474,F,,,,,,,M,
597,N3747D,,,,,,,,M,
598,N3748Y,,,,,,,,M,
599,N3749D,,,,,,,,M,
600,N374DA,,,,,,,,M,
601,N374HA,,,,,,,,M,
602,N374NW,,,,C,,,,M,
603,N374SW,,,,,,,,M,
604,N3750D,,,,,,,,M,
605,N3751B,,,,,,,,M,
606,N3752,F,,,,,,,M,
607,N3753,F,,,,,,,M,
608,N3754A,,,,,,,,M,
609,N3755D,,,,,,,,M,
610,N3756,F,,,,,,,M,
611,N3757D,,,,,,,,M,
612,N3758Y,,,,,,,,M,
613,N3759,F,,,,,,,M,
614,N375DA,,,,,,,,M,
615,N375NC,,,,,,,,M,
616,N375SW,,,,,,,,M,
617,N3760C,,,,,,,,M,
618,N3761R,,,,,,,,M,
619,N3762Y,,,,,,,,M,
620,N3763D,,,,,,,,M,
621,N3764D,,,,,,,,M,
622,N3765,F,,,,,,,M,
623,N3766,F,,,,,,,M,
624,N3767,F,,,,,,,M,
625,N3768,F,,,,,,,M,
626,N3769L,,,,,,,,M,
627,N376DA,,,,,,,,M,
628,N376NW,,,,,,,,M,
629,N376SW,,,,,,,,M,
630,N37700,F,,,,,,,M,
631,N3771K,,,,,,,,M,
632,N3772H,,,,,,,,M,
633,N3773D,,,,,,,,M,
634,N377DA,,,,,,,,M,
635,N377NW,,,,,,,,M,
636,N378DA,,,,,,,,M,
637,N378NW,,,,,,,,M,
638,N378SW,,,,,,,,M,
639,N379DA,,,,,,,,M,
640,N379SW,,,,,,,,M,
641,N380DA,,,,,,,,M,
642,N380HA,,,,,,,,M,
643,N380SW,,,,,,,,M,
644,N381DN,,,,,,,,M,
645,N381HA,,,,,,,,M,
646,N38257,F,,,,,,,M,
647,N38268,F,,,,,,,M,
648,N382DA,,,,,,,,M,
649,N382HA,,,,,,,,M,
650,N382SW,,,,,,,,M,
651,N383DN,,,,,,,,M,
652,N383HA,,,,,,,,M,
653,N383SW,,,,,,,,M,
654,N38403,F,,,,,,,M,
655,N38417,F,,,,,,,M,
656,N38424,F,,,,,,,M,
657,N38443,F,,,,,,,M,
658,N38446,F,,,,,,,M,
659,N38451,F,,,,,,,M,
660,N38454,F,,,,,,,M,
661,N38458,F,,,,,,,M,
662,N38459,F,,,,,,,M,
663,N38467,F,,,,,,,M,
664,N38473,F,,,,,,,M,
665,N384DA,,,,,,,,M,
666,N384HA,,,,,,,,M,
667,N384SW,,,,,,,,M,
668,N385DN,,,,,,,,M,
669,N385HA,,,,,,,,M,
670,N385SW,,,,,,,,M,
671,N386DA,,,,,,,,M,
672,N386HA,,,,,,,,M,
673,N386SW,,,,,,,,M,
674,N38727,F,,,,,,,M,
675,N387DA,,,,,,,,M,
676,N387SW,,,,,,,,M,
677,N388DA,,,,,,,,M,
678,N388HA,,,,,,,,M,
679,N388SW,,,,,,,,M,
680,N389DA,,,,,,,,M,
681,N389HA,,M,,,,,,M,
682,N389SW,,,,,,,,M,
683,N390DA,,,,,,,,M,
684,N390HA,,,,,,,,M,
685,N390SW,,,,,,,,M,
686,N391DA,,,,,,,,M,
687,N391HA,,,,,,,,M,
688,N391SW,,,,,,,,M,
689,N39297,F,,,,,,,M,
690,N392DA,,,,,,,,M,
691,N392HA,,,,,,,,M,
692,N392SW,,,,,,,,M,
693,N393DA,,,,,,,,M,
694,N393HA,,,,,,,,M,
695,N39415,F,,,,,,,M,
696,N39416,F,,,,,,,M,
697,N39418,F,,,,,,,M,
698,N39423,F,,,,,,,M,
699,N39450,F,,,,,,,M,
700,N39461,F,,,,,,,M,
701,N39463,F,,,,,,,M,
702,N39475,F,,,,,,,M,
703,N394DA,,,,,,,,M,
704,N394SW,,,,,,,,M,
705,N395DN,,,,,,,,M,
706,N395HA,,,,,,,,M,
707,N395SW,,,,,,,,M,
708,N396DA,,,,,,,,M,
709,N396HA,,,,,,,,M,
710,N396SW,,,,,,,,M,
711,N39726,F,,,,,,,M,
712,N39728,F,,,,,,,M,
713,N397DA,,,,,,,,M,
714,N397SW,,,,,,,,M,
715,N398DA,,,,,,,,M,
716,N398SW,,,,,,,,M,
717,N399DA,,,,,,,,M,
718,N399HA,,,,,,,,M,
719,N399WN,,,,,,,,M,
720,N400WN,,,,,,,,M,
721,N401UA,,,,C,,,,M,
722,N401WN,,,,,,,,M,
723,N402AS,,,,,,,,M,
724,N402UA,,,,C,,,,M,
725,N402WN,,,,,,,,M,
726,N403AS,,,,,,,,M,
727,N403UA,,,,C,,,,M,
728,N403WN,,,,,,,,M,
729,N404UA,,,,C,,,,M,
730,N404WN,,,,,,,,M,
731,N405UA,,,,C,,,,M,
732,N405WN,,,,,,,,M,
733,N406UA,,,,C,,,,M,
734,N406WN,,,,,,,,M,
735,N407AS,,,,,,,,M,
736,N407UA,,,,C,,,,M,
737,N407WN,,,,,,,,M,
738,N408AS,,,,,,,,M,
739,N408UA,,,,C,,,,M,
740,N408WN,,,,,,,,M,
741,N409AS,,,,,,,,M,
742,N409UA,,,,C,,,,M,
743,N409WN,,,,,,,,M,
744,N410UA,,,,C,,,,M,
745,N410WN,,,,,,,,M,
746,N411SW,,,,,,,,M,
747,N411UA,,,,C,,,,M,
748,N411WN,,,,,,,,M,
749,N412SW,,,,,,,,M,
750,N412UA,,,,C,,,,M,
751,N412WN,,,,,,,,M,
752,N413AS,,,,,,,,M,
753,N413SW,,,,,,,,M,
754,N413UA,,,,C,,,,M,
755,N413WN,,,,,,,,M,
756,N414UA,,,,C,,,,M,
757,N414WN,,,,,,,,M,
758,N415UA,,,,C,,,,M,
759,N415WN,,,,,,,,M,
760,N416UA,,,,C,,,,M,
761,N416WN,,,,,,,,M,
762,N417UA,,,,C,,,,M,
763,N417WN,,,,,,,,M,
764,N418UA,,,,C,,,,M,
765,N418WN,,,,,,,,M,
766,N419AS,,,,,,,,M,
767,N419UA,,,,C,,,,M,
768,N419WN,,,,,,,,M,
769,N420UA,,,,C,,,,M,
770,N420WN,,,,,,,,M,
771,N421LV,,,,,,,,M,
772,N421UA,,,,C,,,,M,
773,N422UA,,,,C,,,,M,
774,N422WN,,,,,,,,M,
775,N423AS,,,,,,,,M,
776,N423UA,,,,C,,,,M,
777,N423WN,,,,,,,,M,
778,N424UA,,,,C,,,,M,
779,N424WN,,,,,,,,M,
780,N425AA,,,,,,,,,C
781,N425LV,,,,,,,,M,
782,N425UA,,,,C,,,,M,
783,N426AA,,,,,,,,M,
784,N426UA,,,,C,,,,M,
785,N426WN,,,,,,,,M,
786,N427UA,,,,C,,,,M,
787,N427WN,,,,,,,,M,
788,N428UA,,,,C,,,,M,
789,N428WN,,,,,,,,M,
790,N429UA,,,,C,,,,M,
791,N429WN,,,,,,,,M,
792,N430UA,,,,C,,,,M,
793,N430WN,,,,,,,,M,
794,N431AS,,,,,,,,M,
795,N431UA,,,,C,,,,M,
796,N431WN,,,,,,,,M,
797,N432UA,,,,C,,,,M,
798,N432WN,,,,,,,,M,
799,N433AS,,,,,,,,M,
800,N433LV,,,,,,,,M,
801,N433UA,,,,C,,,,M,
802,N434AA,,,,,,,,M,
803,N434UA,,,,C,,,,M,
804,N434WN,,,,,,,,M,
805,N435AS,,,,,,,,M,
806,N435UA,,,,C,,,,M,
807,N435WN,,,,,,,,M,
808,N436AA,,,,,,,,M,
809,N436UA,,,,C,,,,M,
810,N436WN,,,,,,,,M,
811,N437AA,,,,,,,,M,
812,N437UA,,,,C,,,,M,
813,N437WN,,,,,,,,M,
814,N438AA,,,,,,,,M,
815,N438UA,,,,C,,,,M,
816,N438WN,,,,,,,,M,
817,N439AA,,,,,,,,M,
818,N439UA,,,,C,,,,M,
819,N439WN,,,,,,,,M,
820,N440AS,,,,,,,,M,
821,N440LV,,,,,,,,M,
822,N440UA,,,,C,,,,M,
823,N441UA,,,,C,,,,M,
824,N441WN,,,,,,,,M,
825,N442AS,,,,,,,,M,
826,N442UA,,,,C,,,,M,
827,N442WN,,,,,,,,M,
828,N443UA,,,,C,,,,M,
829,N443WN,,,,,,,,M,
830,N444UA,,,,C,,,,M,
831,N444WN,,,,,,,,M,
832,N445UA,,,,C,,,,M,
833,N445WN,,,,,,,,M,
834,N446UA,,,,C,,,,M,
835,N446WN,,,,,,,,M,
836,N447UA,,,,C,,,,M,
837,N447WN,,,,,,,,M,
838,N448UA,,,,C,,,,M,
839,N448WN,,,,,,,,M,
840,N449UA,,,,C,,,,M,
841,N449WN,,,,,,,,M,
842,N450WN,,,,,,,,M,
843,N451UA,,,,C,,,,M,
844,N451WN,,,,,,,,M,
845,N452UA,,,,C,,,,M,
846,N452WN,,,,,,,,M,
847,N453AS,,,,,,,,M,
848,N453UA,,,,C,,,,M,
849,N453WN,,,,,,,,M,
850,N45440,F,,,,,,,M,
851,N454UA,,,,C,,,,M,
852,N454WN,,,,,,,,M,
853,N455UA,,,,C,,,,M,
854,N455WN,,,,,,,,M,
855,N456AA,,,,,,,,M,
856,N456UA,,,,C,,,,M,
857,N456WN,,,,,,,,M,
858,N457AS,,,,,,,,M,
859,N457UA,,,,C,,,,M,
860,N457WN,,,,,,,,M,
861,N458UA,,,,C,,,,M,
862,N458WN,,,,,,,,M,
863,N459AS,,,,,,,,M,
864,N459UA,,,,C,,,,M,
865,N459WN,,,,,,,,M,
866,N460UA,,,,C,,,,M,
867,N460WN,,,,,,,,M,
868,N461AS,,,,,,,,M,
869,N461UA,,,,C,,,,M,
870,N461WN,,,,,,,,M,
871,N462AS,,,,,,,,M,
872,N462UA,,,,C,,,,M,
873,N462WN,,,,,,,,M,
874,N463UA,,,,C,,,,M,
875,N463WN,,,,,,,,M,
876,N464AS,,,,,,,,M,
877,N464UA,,,,C,,,,M,
878,N464WN,,,,,,,,M,
879,N465UA,,,,C,,,,M,
880,N465WN,,,,,,,,M,
881,N466SW,,,,C,,,,M,
882,N466UA,,M,,C,,,,M,
883,N466WN,,,,,,,,M,
884,N467AA,,,,,,,,M,
885,N467AS,,,,,,,,M,
886,N467UA,,,,C,,,,M,
887,N467WN,,,,,,,,M,
888,N468AA,,,,,,,,M,
889,N468AS,,,,,,,,M,
890,N468UA,,,,C,,,,M,
891,N468WN,,,,,,,,M,
892,N469AS,,,,,,,,M,
893,N469UA,,,,C,,,,M,
894,N469WN,,,,,,,,M,
895,N470AA,,,,,,,,M,
896,N470UA,,,,C,,,,M,
897,N470WN,,,,,,,,M,
898,N471AS,,,,,,,,M,
899,N471CA,,,,C,,,,M,
900,N471UA,,,,C,,,,M,
901,N472AA,,,,,,,,M,
902,N472CA,,,,C,,,,M,
903,N472UA,,,,C,,,,M,
904,N472WN,,,,,,,,M,
905,N473AA,,,,,,,,M,
906,N473UA,,,,C,,,,M,
907,N473WN,,,,,,,,M,
908,N47414,F,,,,,,,M,
909,N474UA,,,,C,,,,M,
910,N474WN,,,,,,,,M,
911,N475UA,,,,C,,,,M,
912,N475WN,,,,,,,,M,
913,N476AA,,,,,,,,M,
914,N476UA,,,,C,,,,M,
915,N476WN,,,,,,,,M,
916,N477AA,,,,,,,,M,
917,N477CA,,,,C,,,,M,
918,N477UA,,,,C,,,,M,
919,N477WN,,,,,,,,M,
920,N478AA,,,,,,,,M,
921,N478UA,,,,C,,,,M,
922,N478WN,,,,,,,,M,
923,N479CA,,,,C,,,,M,
924,N479UA,,,,C,,,,M,
925,N479WN,,,,,,,,M,
926,N480AA,,,,,,,,M,
927,N480UA,,,,C,,,,M,
928,N480WN,,,,,,,,M,
929,N481AA,,,,,,,,M,
930,N481UA,,,,C,,,,M,
931,N481WN,,,,,,,,M,
932,N482UA,,,,C,,,,M,
933,N482WN,,,,,,,,M,
934,N483UA,,,,C,,,,M,
935,N483WN,,,,,,,,M,
936,N484UA,,,,C,,,,M,
937,N484WN,,,,,,,,M,
938,N485UA,,,,C,,,,M,
939,N485WN,,,,,,,,M,
940,N486AA,,,,,,,,M,
941,N486UA,,,,C,,,,M,
942,N486WN,,,,,,,,M,
943,N487AA,,,,,,,,M,
944,N487UA,,,,C,,,,M,
945,N487WN,,,,,,,,M,
946,N488UA,,,,C,,,,M,
947,N488WN,,,,,,,,M,
948,N489UA,,,,,,,,M,
949,N489WN,,,,,,,,M,
950,N490AA,,,,,,,,M,
951,N490UA,,,,,,,,M,
952,N490WN,,,,,,,,M,
953,N491UA,,,,,,,,M,
954,N491WN,,,,,,,,M,
955,N492UA,,,,,,,,M,
956,N492WN,,,,,,,,M,
957,N493UA,,,,,,,,M,
958,N493WN,,,,,,,,M,
959,N494CA,,,,C,,,,M,
960,N494UA,,,,,,,,M,
961,N494WN,,,,,,,,M,
962,N495CA,,,,C,,,,M,
963,N495UA,,,,,,,,M,
964,N495WN,,,,,,,,M,
965,N496AA,,,,,,,,M,
966,N496UA,,,,,,,,M,
967,N496WN,,,,,,,,M,
968,N497UA,,,,,,,,M,
969,N497WN,,,,,,,,M,
970,N498CA,,,,C,,,,M,
971,N498UA,,,,,,,,M,
972,N498WN,,,,,,,,M,
973,N499AA,,,,,,,,M,
974,N499WN,,,,,,,,M,
975,N500WR,,,,,,,,M,
976,N503JB,,,,C,,,,M,
977,N504JB,,,,C,,,,M,
978,N505JB,,,,C,,,,M,
979,N506AS,,,,,,,,M,
980,N506JB,,,,C,,,,M,
981,N507AY,,,,,,,,M,
982,N507CA,,,,C,,,,M,
983,N508AA,,,,,,,,,
984,N508AS,,,,,,,,M,
985,N508AY,,,,,,,,M,
986,N508JB,,,,C,,,,M,C
987,N509AY,,,,,,,,M,
988,N509JB,,,,C,,,,M,
989,N509SW,,,,,,,,M,
990,N510JB,,,,C,,,,M,
991,N510UW,,,,,,,,M,
992,N512AS,,,,,,,,M,
993,N512UA,,,,,,,,M,
994,N513AA,,,,,,,,M,
995,N513AS,,,,,,,,M,
996,N513UA,,,,,,,,M,
997,N514AS,,,,,,,,M,
998,N514SW,,,,,,,,M,
999,N516AS,,,,,,,,M,
1000,N516JB,,,,C,,,,M,
1001,N516UA,,,,,,,,M,
1002,N517AS,,,,,,,,M,
1003,N517JB,,,,C,,,,M,
1004,N518AS,,,,,,,,M,
1005,N519AS,,,,,,,,M,
1006,N519JB,,,,C,,,,M,
1007,N519US,,,,,,,,M,
1008,N519UW,,,,,,,,M,
1009,N520AA,,,,,,,,M,C
1010,N520AS,,,,,,,,M,
1011,N520JB,,,,C,,,,M,
1012,N520SW,,,,,,,,M,
1013,N520UA,,,,,,,,M,
1014,N520UW,,,,,,,,M,
1015,N521JB,,,,C,,,,M,
1016,N521SW,,,,,,,,M,
1017,N521US,,,,,,,,M,
1018,N521UW,,,,,,,,M,
1019,N521VA,,,,,,,,M,
1020,N522SW,,,,,,,,M,
1021,N522UA,,,,,,,,M,
1022,N522US,,,,,,,,M,
1023,N522VA,,,,,,,,M,
1024,N523AS,,,,,,,,M,
1025,N523JB,,,,C,,,,M,
1026,N523UA,,,,,,,,M,
1027,N523US,,,,,,,,M,
1028,N523UW,,,,,,,,M,
1029,N523VA,,,,,,,,M,
1030,N524AS,,,,,,,,M,
1031,N524JB,,,,C,,,,M,
1032,N524SW,,,,,,,,M,
1033,N524UA,,,,,,,,M,
1034,N524UW,,,,,,,,M,
1035,N524VA,,,,,,,,M,
1036,N525AS,,,,,,,,M,
1037,N525SW,,,,,,,,M,
1038,N525VA,,,,,,,,M,
1039,N526AS,,,,,,,,M,
1040,N526SW,,,,,,,,M,
1041,N526UA,,,,,,,,M,
1042,N526VA,,,,,,,,M,
1043,N527AS,,M,,,,,,M,
1044,N527SW,,,,,,,,M,
1045,N527VA,,,,,,,,M,
1046,N528AA,,M,,,,,,M,C
1047,N528AS,,,,,,,,M,
1048,N528SW,,,,,,,,M,
1049,N528UA,,,,,,,,M,
1050,N528VA,,,,,,,,M,
1051,N529AS,,,,,,,,M,
1052,N529JB,,,,C,,,,M,
1053,N529UA,,,,,,,,M,
1054,N529VA,,,,,,,,M,
1055,N530AS,,,,,,,,M,
1056,N530US,,,,,,,,M,
1057,N530VA,,,,,,,,M,
1058,N531AS,,,,,,,,M,
1059,N531JB,,M,,C,,,,M,C
1060,N532AS,,,,,,,,M,
1061,N532US,,,,,,,,M,
1062,N533AS,,,,,,,,M,
1063,N533US,,,,,,,,M,
1064,N53441,F,M,,,,,,M,
1065,N53442,F,,,,,,,M,
1066,N534AS,,,,,,,,M,
1067,N534JB,,,,C,,,,M,
1068,N534US,,,,,,,,M,
1069,N534UW,,,,,,,,M,
1070,N535AS,,,,,,,,M,
1071,N535JB,,,,C,,,,M,
1072,N535UA,,,,,,,,M,
1073,N535UW,,,,,,,,M,
1074,N536AS,,,,,,,,M,
1075,N536JB,,,,,,,,M,
1076,N536UA,,,,,,,,M,
1077,N536UW,,,,,,,,M,
1078,N537AS,,,,,,,,M,
1079,N537JB,,,,C,,,,M,
1080,N537UA,,,,,,,,M,
1081,N537UW,,,,,,,,M,
1082,N538AS,,,,,,,,M,
1083,N538UW,,,,,,,,M,
1084,N539US,,,,,,,,M,
1085,N539UW,,,,,,,,M,
1086,N540US,,,,,,,,M,
1087,N540UW,,,,,,,,M,
1088,N541US,,,,,,,,M,
1089,N541UW,,,,,,,,M,
1090,N54241,F,,,,,,,M,
1091,N542US,,,,,,,,M,
1092,N542UW,,,,,,,,M,
1093,N543UA,,,,,,,,M,
1094,N543US,,,,,,,,M,
1095,N543UW,,,,,,,,M,
1096,N544UA,,,,,,,,M,
1097,N544US,,,,,,,,M,
1098,N544UW,,,,,,,,M,
1099,N545AA,,,,,,,,,C
1100,N545UA,,,,,,,,M,
1101,N545US,,,,,,,,M,
1102,N545UW,,,,,,,,M,
1103,N546AS,,,,,,,,M,
1104,N546US,,,,,,,,M,
1105,N546UW,,,,,,,,M,
1106,N54711,F,,,,,,,M,
1107,N547JB,,,,,,,,M,
1108,N547UA,,,,,,,,M,
1109,N547US,,,,,,,,M,
1110,N547UW,,,,,,,,M,
1111,N548AS,,,,,,,,M,
1112,N548CA,,,,C,,,,M,
1113,N548UA,,,,,,,,M,
1114,N548US,,,,,,,,M,
1115,N548UW,,,,,,,,M,
1116,N549AS,,,,,,,,M,
1117,N549CA,,,,C,,,,M,
1118,N549UA,,,,,,,,M,
1119,N549US,,,,,,,,M,
1120,N549UW,,,,,,,,M,
1121,N550AA,,,,C,,,,M,
1122,N550NW,,,,,,,,M,
1123,N550UA,,,,,,,,M,
1124,N550UW,,,,,,,,M,
1125,N550WN,,,,,,,,M,
1126,N551AS,,,,,,,,M,
1127,N551NW,,,,,,,,M,
1128,N551UA,,,,,,,,M,
1129,N551UW,,,,,,,,M,
1130,N551WN,,,,,,,,M,
1131,N552AS,,,,,,,,M,
1132,N552JB,,,,,,,,M,
1133,N552UA,,,,,,,,M,
1134,N552UW,,,,,,,,M,
1135,N552WN,,,,,,,,M,
1136,N553AA,,,,,,,,M,
1137,N553AS,,,,,,,,M,
1138,N553NW,,,,,,,,M,
1139,N553UA,,,,,,,,M,
1140,N553UW,,,,,,,,M,
1141,N553WN,,,,,,,,M,
1142,N554AA,,,,,,,,M,
1143,N554CA,,,,C,,,,M,
1144,N554JB,,,,,,,,M,
1145,N554NW,,,,,,,,M,
1146,N554UW,,,,,,,,M,
1147,N554WN,,,,,,,,M,
1148,N555AY,,,,,,,,M,
1149,N555LV,,,,,,,,M,
1150,N555NW,,,,,,,,M,
1151,N556AS,,,,,,,,M,
1152,N556JB,,,,,,,,M,
1153,N556NW,,,,,,,,M,
1154,N556UA,,,,,,,,M,
1155,N556UW,,,,,,,,M,
1156,N556WN,,,,,,,,M,
1157,N557AA,,,,,,,,M,C
1158,N557AS,,,,,,,,M,
1159,N557NW,,,,,,,,M,
1160,N557UW,,,,,,,,M,
1161,N557WN,,,,,,,,M,
1162,N558AS,,,,,,,,M,
1163,N558JB,,,,,,,,M,
1164,N558UA,,,,,,,,M,
1165,N558UW,,,,,,,,M,
1166,N559AA,,,,,,,,M,
1167,N559AS,,,,,,,,M,
1168,N559JB,,,,,,,,M,
1169,N559UA,,,,,,,,M,
1170,N559UW,,,,,,,,M,
1171,N559WN,,,,,,,,M,
1172,N560AS,,,,,,,,M,
1173,N560UW,,,,,,,,M,
1174,N560WN,,,,,,,,M,
1175,N561AA,,,,,,,,M,
1176,N561JB,,,,,,,,M,
1177,N561SW,,,,,,,,M,
1178,N561UA,,,,,,,,M,
1179,N561UW,,,,,,,,M,
1180,N562AS,,,,,,,,M,
1181,N562JB,,,,,,,,M,
1182,N562SW,,,,,,,,M,
1183,N562UA,,,,,,,,M,
1184,N562UW,,,,,,,,M,
1185,N562WN,,,,,,,,M,
1186,N563AS,,,,,,,,M,
1187,N563JB,,,,,,,,M,
1188,N563SW,,,,,,,,M,
1189,N563UA,,,,,,,,M,
1190,N563UW,,,,,,,,M,
1191,N564AA,,,,,,,,M,
1192,N564AS,,,,,,,,M,
1193,N564JB,,,,,,,,M,
1194,N564SW,,,,,,,,M,
1195,N564UA,,,,,,,,M,
1196,N564UW,,,,,,,,M,
1197,N565AA,,,,,,,,M,
1198,N565AS,,,,,,,,M,
1199,N565JB,,,,,,,,M,
1200,N565SW,,,,,,,,M,
1201,N565UA,,,,,,,,M,
1202,N565UW,,,,,,,,M,
1203,N566AA,,,,,,,,M,
1204,N566AS,,,,,,,,M,
1205,N566JB,,,,,,,,M,
1206,N566SW,,,,,,,,M,
1207,N566UA,,,,,,,,M,
1208,N566UW,,,,,,,,M,
1209,N567SW,,,,,,,,M,
1210,N567UW,,,,,,,,M,
1211,N568AA,,,,,,,,M,
1212,N568AS,,,,,,,,M,
1213,N568JB,,,,,,,,M,
1214,N568SW,,,,,,,,M,
1215,N568UA,,,,,,,,M,
1216,N568UW,,,,,,,,M,
1217,N569AA,,,,,,,,M,
1218,N569AS,,,,,,,,M,
1219,N569JB,,,,,,,,M,
1220,N569SW,,,,,,,,M,
1221,N569UW,,,,,,,,M,
1222,N570AA,,,,,,,,M,
1223,N570AS,,,,,,,,M,
1224,N570JB,,,,,,,,M,
1225,N570UW,,,,,,,,M,
1226,N571AA,,,,,,,,M,
1227,N571JB,,,,,,,,M,
1228,N571UW,,,,,,,,M,
1229,N572UW,,,,C,,,,M,
1230,N573AA,,,,,,,,M,
1231,N573UW,,,,C,,,,M,
1232,N57439,F,,,,,,,M,
1233,N574AA,,,,,,,,M,
1234,N575AA,,,,,,,,M,C
1235,N575UW,,,,C,,,,M,
1236,N576UA,,,,,,,,M,
1237,N576UW,,,,C,,,,M,
1238,N577AS,,,,,,,,M,
1239,N57862,F,,,,,,,M,
1240,N57863,F,,,,,,,M,
1241,N57868,F,,,,,,,M,
1242,N578SW,,,,,,,,M,
1243,N578UW,,,,C,,,,M,
1244,N579AS,,,,,,,,M,
1245,N579JB,,,,,,,,M,
1246,N579SW,,,,,,,,M,
1247,N579UW,,,,C,,,,M,
1248,N580HA,,,,,,,,M,
1249,N580JB,,,,,,,,M,
1250,N580SW,,,,,,,,M,
1251,N580UW,,,,,,,,M,
1252,N581AS,,,,,,,,M,
1253,N581HA,,,,,,,,M,
1254,N581NW,,,,,,,,M,
1255,N581SW,,,,,,,,M,
1256,N581UW,,,,C,,,,M,
1257,N582NW,,,,,,,,M,
1258,N582SW,,,,,,,,M,
1259,N582UW,,,,C,,,,M,
1260,N583AS,,,,,,,,M,
1261,N583HA,,M,,,,,,M,
1262,N583JB,,,,,,,,M,
1263,N583NW,,,,,,,,M,
1264,N583SW,,,,,,,,M,
1265,N583UW,,,,C,,,,M,
1266,N584AS,,,,,,,,M,
1267,N584JB,,,,,,,,M,
1268,N584NW,,,,,,,,M,
1269,N584SW,,,,,,,,M,
1270,N584UW,,,,C,,,,M,
1271,N585AS,,,,,,,,M,
1272,N585JB,,,,,,,,M,
1273,N585NW,,,,,,,,M,
1274,N585SW,,,,,,,,M,
1275,N585UW,,,,C,,,,M,
1276,N586AS,,,,,,,,M,
1277,N586JB,,,,,,,,M,
1278,N586NW,,,,,,,,M,
1279,N586SW,,,,,,,,M,
1280,N586UW,,,,,,,,M,
1281,N587AS,,,,,,,,M,
1282,N587HA,,,,,,,,M,
1283,N587JB,,,,,,,,M,
1284,N587NW,,,,,,,,M,
1285,N587UW,,,,,,,,M,
1286,N588AS,,,,,,,,M,
1287,N588HA,,,,,,,,M,
1288,N588JB,,,,,,,,M,
1289,N588NW,,,,,,,,M,
1290,N589AS,,,,,,,,M,
1291,N589JB,,,,,,,,M,
1292,N589NW,,,,,,,,M,
1293,N590AA,,,,,,,,M,
1294,N590AS,,,,,,,,M,
1295,N590HA,,,,,,,,M,
1296,N590JB,,,,,,,,M,
1297,N590NW,,,,,,,,M,
1298,N591JB,,,,,,,,M,
1299,N591NW,,,,,,,,M,
1300,N592AA,,,,,,,,M,
1301,N592AS,,,,,,,,M,
1302,N592HA,,,,,,,,M,
1303,N592JB,,,,,,,,M,
1304,N592NW,,,,,,,,M,
1305,N593AS,,,,,,,,M,
1306,N593JB,,,,,,,,M,
1307,N593ML,,,,C,,,,M,
1308,N593NW,,,,,,,,M,
1309,N594AA,,,,,,,,M,
1310,N594AS,,,,,,,,M,
1311,N594HA,,,,,,,,M,
1312,N594JB,,,,,,,,M,
1313,N594NW,,,,,,,,M,
1314,N594SW,,,,C,,,,M,
1315,N595AA,,,,,,,,M,
1316,N595JB,,,,,,,,M,
1317,N595NW,,,,,,,,M,
1318,N596AA,,,,,,,,M,
1319,N596AS,,,,,,,,M,
1320,N596NW,,,,,,,,M,
1321,N597AA,,,,,,,,M,
1322,N597AS,,,,,,,,M,
1323,N597JB,,,,,,,,M,
1324,N597UA,,,,,,,,M,
1325,N598AA,,,,,,,,M,
1326,N598JB,,,,,,,,M,
1327,N599AA,,,,,,,,M,
1328,N599JB,,,,,,,,M,
1329,N600WN,,,,,,,,M,
1330,N601AW,,,,,,,,M,
1331,N601WN,,,,,,,,M,
1332,N602AW,,,,C,,,,M,
1333,N602SW,,,,,,,,M,
1334,N603DL,,,,,,,,M,
1335,N603JB,,,,,,,,M,
1336,N603QX,,,,C,,,,M,
1337,N603SK,,,,C,,,,M,
1338,N603SW,,,,,,,,M,
1339,N604AW,,,,C,,,,M,
1340,N604SK,,,,C,,,,M,
1341,N604SW,,,,,,,,M,
1342,N605JB,,,,,,,,M,
1343,N605SW,,,,,,,,M,
1344,N606JB,,,,,,,,M,
1345,N606SK,,,,C,,,,M,
1346,N606SW,,,,,,,,M,
1347,N607AS,,,,,,,,M,
1348,N607JB,,,,,,,,M,
1349,N607SK,,,,C,,,,M,
1350,N607SW,,,,,,,,M,
1351,N608JB,,,,,,,,M,
1352,N608SK,,,,C,,,,M,
1353,N608SW,,,,,,,,M,
1354,N609AS,,,,,,,,M,
1355,N609DL,,,,,,,,M,
1356,N609SK,,,,C,,,,M,
1357,N609SW,,,,,,,,M,
1358,N610DL,,,,,,,,M,
1359,N610WN,,,,,,,,M,
1360,N611AS,,,,,,,,M,
1361,N611SK,,,,C,,,,M,
1362,N611SW,,,,,,,,M,
1363,N612AS,,,,,,,,M,
1364,N612DL,,,,,,,,M,
1365,N612JB,,,,,,,,M,
1366,N612SW,,,,,,,,M,
1367,N613AS,,,,,,,,M,
1368,N613DL,,,,,,,,M,
1369,N613JB,,,,,,,,M,
1370,N613QX,,M,,C,,,,M,
1371,N613SK,,,,C,,,,M,
1372,N613SW,,,,,,,,M,
1373,N614AS,,,,,,,,M,
1374,N614DL,,,,,,,,M,
1375,N614SK,,,,C,,,,M,
1376,N614SW,,,,,,,,M,
1377,N615AS,,,,,,,,M,
1378,N615DL,,,,,,,,M,
1379,N615JB,,,,,,,,M,
1380,N615SW,,,,,,,,M,
1381,N616DL,,,,,,,,M,
1382,N616QX,,,,C,,,,M,
1383,N616SW,,,,,,,,M,
1384,N617DL,,,,,,,,M,
1385,N617QX,,,,C,,,,M,
1386,N617SW,,,,,,,,M,
1387,N618AS,,,,,,,,M,
1388,N618DL,,,,,,,,M,
1389,N618JB,,,,,,,,M,
1390,N618WN,,,,,,,,M,
1391,N619AS,,,,,,,,M,
1392,N619SW,,,,,,,,M,
1393,N620SW,,,,,,,,M,
1394,N621AA,,,,,,,,,
1395,N621AW,,,,C,,,,M,
1396,N621JB,,,,,,,,M,
1397,N621SW,,,,,,,,M,
1398,N621VA,,,,,,,,M,
1399,N622AA,,,,,,,,M,
1400,N622AS,,,,,,,,M,
1401,N622AW,,,,C,,,,M,
1402,N622SW,,,,,,,,M,
1403,N622VA,,,,,,,,M,
1404,N623AA,,,,,,,,M,
1405,N623DL,,,,,,,,M,
1406,N623JB,,,,,,,,M,
1407,N623SW,,,,,,,,M,
1408,N623VA,,,,,,,,M,
1409,N624AA,,,,,,,,M,
1410,N624AG,,,,,,,,M,
1411,N624AW,,,,C,,,,M,
1412,N624JB,,,,,,,,M,
1413,N624SW,,,,,,,,M,
1414,N624VA,,,,,,,,M,
1415,N625AA,,,,,,,,M,
1416,N625AS,,,,,,,,M,
1417,N625CA,,,,C,,,,M,
1418,N625JB,,,,,,,,M,
1419,N625SW,,,,,,,,M,
1420,N625VA,,,,,,,,M,
1421,N626AS,,,,,,,,M,
1422,N626AW,,,,C,,,,M,
1423,N626SW,,,,,,,,M,
1424,N626VA,,,,,,,,M,
1425,N627AS,,,,,,,,M,
1426,N627DL,,,,,,,,M,
1427,N627JB,,,,,,,,M,
1428,N627SW,,,,,,,,M,
1429,N627VA,,,,,,,,M,
1430,N628AA,,,,,,,,M,
1431,N628SW,,,,,,,,M,
1432,N628VA,,,,,,,,M,
1433,N629JB,,,,,,,,M,
1434,N629SW,,,,,,,,M,
1435,N629VA,,,,,,,,M,
1436,N630AA,,,,,,,,M,
1437,N630JB,,,,,,,,M,
1438,N630SK,,,,C,,,,M,
1439,N630VA,,,,,,,,M,
1440,N630WN,,,,,,,,M,
1441,N631AA,,,,,,,,M,
1442,N631AW,,,,C,,,,M,
1443,N631SK,,,,C,,,,M,
1444,N631SW,,,,,,,,M,
1445,N631VA,,,,,,,,M,
1446,N632JB,,,,,,,,M,
1447,N632SK,,,,C,,,,M,
1448,N632SW,,,,,,,,M,
1449,N632VA,,,,,,,,M,
1450,N633AA,,,,,,,,M,
1451,N633AW,,,,C,,,,M,
1452,N633DL,,,,,,,,M,
1453,N633JB,,,,,,,,M,
1454,N633SK,,,,C,,,,M,
1455,N633SW,,,,,,,,M,
1456,N633VA,,,,,,,,M,
1457,N634AA,,,,,,,,M,
1458,N634JB,,,,,,,,M,
1459,N634SW,,,,,,,,M,
1460,N634VA,,,,,,,,M,
1461,N635AA,,,,,,,,M,
1462,N635DL,,,,,,,,M,
1463,N635JB,,,,,,,,M,
1464,N635SW,,,,,,,,M,
1465,N635VA,,,,,,,,M,
1466,N636JB,,,,,,,,M,
1467,N636VA,,,,,,,,M,
1468,N636WN,,,,,,,,M,
1469,N637AW,,,,C,,,,M,
1470,N637JB,,,,,,,,M,
1471,N637SW,,,,,,,,M,
1472,N637VA,,,,,,,,M,
1473,N63820,F,,,,,,,M,
1474,N638JB,,,,,,,,M,
1475,N638SW,,,,,,,,M,
1476,N638VA,,,,,,,,M,
1477,N639AA,,,,,,,,M,
1478,N639JB,,,,,,,,M,
1479,N639SW,,,,,,,,M,
1480,N639VA,,,,,,,,M,
1481,N640AW,,,,C,,,,M,
1482,N640JB,,,,,,,,M,
1483,N640SW,,,,,,,,M,
1484,N640VA,,,,,,,,M,
1485,N641CA,,,,C,,,,M,
1486,N641JB,,,,,,,,M,
1487,N641SW,,,,,,,,M,
1488,N641VA,,,,,,,,M,
1489,N642VA,,,,,,,,M,
1490,N642WN,,,,,,,,M,
1491,N643DL,,,,,,,,M,
1492,N643JB,,,,,,,,M,
1493,N643SW,,,,,,,,M,
1494,N644AS,,,,,,,,M,
1495,N644AW,,,,C,,,,M,
1496,N644DL,,,,,,,,M,
1497,N644JB,,,,,,,,M,
1498,N644SW,,,,,,,,M,
1499,N645JB,,,,,,,,M,
1500,N645SW,,,,,,,,M,
1501,N646DL,,,,,,,,M,
1502,N646JB,,,,,,,,M,
1503,N646SW,,,,,,,,M,
1504,N647AW,,,,C,,,,M,
1505,N647SW,,,,,,,,M,
1506,N64809,F,,,,,,,M,
1507,N648AW,,,,C,,,,M,
1508,N648DL,,,,,,,,M,
1509,N648JB,,,,,,,,M,
1510,N648SW,,,,,,,,M,
1511,N649AW,,,,C,,,,M,
1512,N649DL,,,,,,,,M,
1513,N649JB,,,,,,,,M,
1514,N649SW,,,,,,,,M,
1515,N650AW,,,,C,,,,M,
1516,N650DL,,,,,,,,M,
1517,N650SW,,,,,,,,M,
1518,N651AW,,,,C,,,,M,
1519,N651DL,,,,,,,,M,
1520,N651JB,,,,,,,,M,
1521,N651SW,,,,,,,,M,
1522,N652AW,,,,C,,,,M,
1523,N652BR,,,,C,,,,M,
1524,N652DL,,,,,,,,M,
1525,N652JB,,,,,,,,M,
1526,N652SW,,,,,,,,M,
1527,N653AW,,,,C,,,,M,
1528,N653JB,,,,,,,,M,
1529,N653SW,,,,,,,,M,
1530,N653UA,,,,,,,,M,
1531,N654AW,,,,C,,,,M,
1532,N654DL,,,,,,,,M,
1533,N654SW,,,,,,,,M,
1534,N655AW,,,,C,,,,M,
1535,N655DL,,,,,,,,M,
1536,N655JB,,,,,,,,M,
1537,N655UA,,,,,,,,M,
1538,N655WN,,,,,,,,M,
1539,N656AW,,,,C,,,,M,
1540,N656JB,,,,,,,,M,
1541,N656SW,,,,,,,,M,
1542,N657AW,,,,C,,,,M,
1543,N657JB,,,,,,,,M,
1544,N657SW,,,,,,,,M,
1545,N65832,F,,,,,,,M,
1546,N658AW,,,,C,,,,M,
1547,N658DL,,,,,,,,M,
1548,N658JB,,,,,,,,M,
1549,N658SW,,,,,,,,M,
1550,N659AW,,,,C,,,,M,
1551,N659DL,,,,,,,,M,
1552,N659JB,,,,,,,,M,
1553,N659SW,,,,,,,,M,
1554,N660AW,,,,C,,,,M,
1555,N660DL,,,,,,,,M,
1556,N660SW,,,,,,,,M,
1557,N660UA,,,,,,,,M,
1558,N661AW,,,,C,,,,M,
1559,N661DN,,,,,,,,M,
1560,N661JB,,,,,,,,M,
1561,N662AW,,,,C,,,,M,
1562,N662DN,,,,,,,,M,
1563,N662JB,,,,,,,,M,
1564,N662UA,,,,,,,,M,
1565,N663AW,,,,C,,,,M,
1566,N663DN,,,,,,,,M,
1567,N663JB,,,,,,,,M,
1568,N663SW,,,,,,,,M,
1569,N664AW,,,,C,,,,M,
1570,N664DN,,,,,,,,M,
1571,N664UA,,,,,,,,M,
1572,N665AW,,,,C,,,,M,
1573,N665DN,,,,,,,,M,
1574,N665JB,,,,,,,,M,
1575,N665WN,,,,,,,,M,
1576,N666DN,,,,,,,,M,
1577,N667AW,,,,C,,,,M,
1578,N667DN,,,,,,,,M,
1579,N66803,F,,,,,,,M,
1580,N66808,F,,,,,,,M,
1581,N66814,F,,,,,,,M,
1582,N66825,F,,,,,,,M,
1583,N66828,F,,,,,,,M,
1584,N66831,F,,,,,,,M,
1585,N66837,F,,,,,,,M,
1586,N668AW,,,,,,,,M,
1587,N668DN,,,,,,,,M,
1588,N669AW,,,,,,,,M,
1589,N669DN,,,,,,,,M,
1590,N669SW,,,,,,,,M,
1591,N6700,F,,,,,,,M,
1592,N6701,F,,,,,,,M,
1593,N6702,F,,,,,,,M,
1594,N6703D,,,,,,,,M,
1595,N6704Z,,,,,,,,M,
1596,N6705Y,,,,,,,,M,
1597,N6706Q,,,,,,,,M,
1598,N6707A,,,,,,,,M,
1599,N6708D,,,,,,,,M,
1600,N6709,F,,,,,,,M,
1601,N670DN,,,,,,,,M,
1602,N670SW,,,,,,,,M,
1603,N6710E,,,,,,,,M,
1604,N6711M,,,,,,,,M,
1605,N6712B,,,,,,,,M,
1606,N6713Y,,,,,,,,M,
1607,N6714Q,,,,,,,,M,
1608,N6715C,,,,,,,,M,
1609,N6716C,,,,,,,,M,
1610,N67171,F,,,,,,,M,
1611,N671DN,,,,,,,,M,
1612,N672AW,,,,,,,,M,
1613,N672DL,,,,,,,,M,
1614,N672UA,,,,,,,,M,
1615,N673AW,,M,,,,,,M,
1616,N673DL,,,,,,,,M,
1617,N674DL,,,,,,,,M,
1618,N675AW,,,,,,,,M,
1619,N675DL,,,,,,,,M,
1620,N675NW,,,,,,,,M,
1621,N676AW,,,,,,,,M,
1622,N676DL,,,,,,,,M,
1623,N677AW,,,,,,,,M,
1624,N67812,F,,,,,,,M,
1625,N67815,F,,,,,,,M,
1626,N67827,F,,,,,,,M,
1627,N678AW,,,,,,,,M,
1628,N678DL,,,,,,,,M,
1629,N679AW,,,,,,,,M,
1630,N679CA,,,,C,,,,M,
1631,N679DA,,,,,,,,M,
1632,N679SA,,M,,C,,,,M,
1633,N680AW,,,,,,,,M,
1634,N680DA,,,,,,,,M,
1635,N681DA,,,,,,,,M,
1636,N682DA,,,,,,,,M,
1637,N683DA,,,,,,,,M,
1638,N68452,F,,,,,,,M,
1639,N68453,F,,,,,,,M,
1640,N684DA,,,,,,,,M,
1641,N684WN,,,,,,,,M,
1642,N685DA,,,,,,,,M,
1643,N685SW,,,,,,,,M,
1644,N686DA,,,,,,,,M,
1645,N687DL,,,,,,,,M,
1646,N687SW,,,,,,,,M,
1647,N68801,F,,,,,,,M,
1648,N68802,F,,,,,,,M,
1649,N68805,F,,,,,,,M,
1650,N68807,F,,,,,,,M,
1651,N68811,F,,,,,,,M,
1652,N68817,F,,,,,,,M,
1653,N68821,F,,,,,,,M,
1654,N68822,F,,,,,,,M,
1655,N68823,F,,,,,,,M,
1656,N68836,F,,,,,,,M,
1657,N688DL,,,,,,,,M,
1658,N689CA,,,,C,,,,M,
1659,N689DL,,,,,,,,M,
1660,N690DL,,,,,,,,M,
1661,N691WN,,,,,,,,M,
1662,N692CA,,,,C,,,,M,
1663,N692DL,,,,,,,,M,
1664,N693BR,,,,C,,,,M,
1665,N693CA,,,,C,,,,M,
1666,N693DL,,,,,,,,M,
1667,N694DL,,,,,,,,M,
1668,N694SW,,,,,,,,M,
1669,N695DL,,,,,,,,M,
1670,N696DL,,,,,,,,M,
1671,N697DL,,,,,,,,M,
1672,N697SW,,,,,,,,M,
1673,N69804,F,,,,,,,M,
1674,N69806,F,,,,,,,M,
1675,N69810,F,,,,,,,M,
1676,N69813,F,,,,,,,M,
1677,N69816,F,,,,,,,M,
1678,N69818,F,,,,,,,M,
1679,N69819,F,,,,,,,M,
1680,N69824,F,,,,,,,M,
1681,N69826,F,,,,,,,M,
1682,N69829,F,,,,,,,M,
1683,N69830,F,,,,,,,M,
1684,N69833,F,,,,,,,M,
1685,N69835,F,,,,,,,M,
1686,N698DL,,,,,,,,M,
1687,N699BR,,,,C,,,,M,
1688,N699DL,,,,,,,,M,
1689,N700GS,,,,,,,,M,
1690,N700UW,,,,C,,,,M,
1691,N701BR,,,,C,,,,M,
1692,N701GS,,,,,,,,M,
1693,N701SK,,,,C,,,,M,
1694,N702BR,,,,C,,,,M,
1695,N702SK,,,,C,,,,M,
1696,N702TW,,,,,,,,M,
1697,N702UW,,,,C,,,,M,
1698,N703AS,,,,,,,,M,
1699,N703JB,,,,,,,,M,
1700,N703SK,,,,C,,,,M,
1701,N703SW,,,,,,,,M,
1702,N703TW,,,,,,,,M,
1703,N704SW,,,,,,,,M,
1704,N704US,,,,C,,,,M,
1705,N704X,,,,,,,,M,
1706,N705AS,,,,,,,,M,
1707,N705DN,,,,,,,,M,
1708,N705JB,,,,,,,,M,
1709,N705SK,,,,C,,,,M,
1710,N705SW,,,,,,,,M,
1711,N705TW,,,,,,,,M,
1712,N706AS,,,,,,,,M,
1713,N706JB,,,,,,,,M,
1714,N706SK,,,,C,,,,M,
1715,N706SW,,,,,,,,M,
1716,N706TW,,,,,,,,M,
1717,N707SA,,,,,,,,M,
1718,N707SK,,,,C,,,,M,
1719,N707TW,,,,,,,,M,
1720,N708AS,,,,,,,,M,
1721,N708JB,,,,,,,,M,
1722,N708SK,,,,C,,,,M,
1723,N708SW,,,,,,,,M,
1724,N709BR,,,,C,,,,M,
1725,N709JB,,,,,,,,M,
1726,N709SK,,,,C,,,,M,
1727,N709SW,,,,,,,,M,
1728,N709TW,,,,,,,,M,
1729,N709UW,,,,C,,,,M,
1730,N710SK,,,,C,,,,M,
1731,N710SW,,,,,,,,M,
1732,N710TW,,,,,,,,M,
1733,N710UW,,,,C,,,,M,
1734,N711HK,,,,,,,,M,
1735,N711ZX,,,,,,,,M,
1736,N712JB,,,,,,,,M,
1737,N712SK,,,,C,,,,M,
1738,N712SW,,,,,,,,M,
1739,N712TW,,,,,,,,M,
1740,N712US,,,,C,,,,M,
1741,N713AS,,,,,,,,M,
1742,N713SK,,,,C,,,,M,
1743,N713SW,,,,,,,,M,
1744,N713TW,,,,,,,,M,
1745,N71411,F,,,,,,,M,
1746,N714CB,,,,,,,,M,
1747,N715JB,,,,,,,,M,
1748,N715SK,,,,C,,,,M,
1749,N715SW,,,,,,,,M,
1750,N716SK,,,,C,,,,M,
1751,N716SW,,,,,,,,M,
1752,N717SA,,,,,,,,M,
1753,N717TW,,,,,,,,M,
1754,N718SK,,,,C,,,,M,
1755,N718SW,,,,,,,,M,
1756,N718TW,,,,,,,,M,
1757,N719SK,,,,C,,,,M,
1758,N719SW,,,,,,,,M,
1759,N720WN,,,,,,,,M,
1760,N721TW,,,,,,,,M,
1761,N722TW,,,,,,,,M,
1762,N723SW,,,,,,,,M,
1763,N723TW,,,,,,,,M,
1764,N72405,F,,,,,,,M,
1765,N724SK,,,,C,,,,M,
1766,N724SW,,,,,,,,M,
1767,N725SW,,,,,,,,M,
1768,N726SK,,,,C,,,,M,
1769,N726SW,,,,,,,,M,
1770,N727SK,,,,C,,,,M,
1771,N727SW,,,,,,,,M,
1772,N727TW,,,,,,,,M,
1773,N728SK,,,,C,,,,M,
1774,N728SW,,,,,,,,M,
1775,N729JB,,M,,,,,,M,
1776,N729SW,,,,,,,,M,
1777,N730SK,,,,C,,,,M,
1778,N730SW,,,,,,,,M,
1779,N730US,,,,C,,,,M,
1780,N731SA,,,,,,,,M,
1781,N73251,F,,,,,,,M,
1782,N73256,F,,,,,,,M,
1783,N73259,F,,,,,,,M,
1784,N73270,F,,,,,,,M,
1785,N73275,F,,,,,,,M,
1786,N73276,F,,,,,,,M,
1787,N73278,F,M,,,,,,M,
1788,N73283,F,,,,,,,M,
1789,N73291,F,,,,,,,M,
1790,N73299,F,,,,,,,M,
1791,N732SK,,,,C,,,,M,
1792,N732SW,,,,,,,,M,
1793,N733SA,,,,,,,,M,
1794,N73406,F,,,,,,,M,
1795,N73445,F,,,,,,,M,
1796,N734SA,,,,,,,,M,
1797,N735SA,,,,,,,,M,
1798,N736SA,,,,,,,,M,
1799,N737JW,,,,,,,,M,
1800,N737US,,,,C,,,,M,
1801,N738CB,,,,,,,,M,
1802,N738SK,,,,C,,,,M,
1803,N739GB,,,,,,,,M,
1804,N740SK,,,,C,,,,M,
1805,N740SW,,,,,,,,M,
1806,N740UW,,,,C,,,,M,
1807,N741SA,,,,,,,,M,
1808,N742PS,,,,C,,,,M,
1809,N742SK,,,,C,,,,M,
1810,N742SW,,,,,,,,M,
1811,N743SK,,,,C,,,,M,
1812,N743SW,,,,,,,,M,
1813,N744P,,,,C,,,,M,
1814,N744SK,,,,C,,,,M,
1815,N744SW,,,,,,,,M,
1816,N745SK,,,,C,,,,M,
1817,N745SW,,,,,,,,M,
1818,N745VJ,,,,C,,,,M,
1819,N746JB,,,,,,,,M,
1820,N746SK,,,,C,,,,M,
1821,N746SW,,,,,,,,M,
1822,N746UW,,,,C,,,,M,
1823,N747SA,,,,,,,,M,
1824,N747UW,,,,C,,,,M,
1825,N748SK,,,,C,,,,M,
1826,N748SW,,,,,,,,M,
1827,N748UW,,,,C,,,,M,
1828,N749SW,,,,,,,,M,
1829,N749US,,,,C,,,,M,
1830,N750AT,,,,,,,,M,
1831,N750SA,,,,,,,,M,
1832,N750SK,,,,C,,,,M,
1833,N750UW,,,,C,,,,M,
1834,N751AT,,,,,,,,M,
1835,N751SK,,,,C,,,,M,
1836,N751SW,,,,,,,,M,
1837,N751UW,,,,C,,,,M,
1838,N752AT,,,,,,,,M,
1839,N752SK,,,,C,,,,M,
1840,N752SW,,,,,,,,M,
1841,N752US,,,,C,,,,M,
1842,N753SK,,,,C,,,,M,
1843,N753US,,,,C,,,,M,
1844,N75410,F,,,,,,,M,
1845,N75425,F,,,,,,,M,
1846,N75426,F,M,,,,,,M,
1847,N75428,F,,,,,,,M,
1848,N75429,F,,,,,,,M,
1849,N75432,F,,,,,,,M,
1850,N75433,F,,,,,,,M,
1851,N75435,F,,,,,,,M,
1852,N75436,F,,,,,,,M,
1853,N754SK,,,,C,,,,M,
1854,N754SW,,,,,,,,M,
1855,N754UW,,,,C,,,,M,
1856,N755SA,,,,,,,,M,
1857,N755SK,,,,C,,,,M,
1858,N755US,,,,C,,,,M,
1859,N756AS,,,,,,,,M,
1860,N756SA,,,,,,,,M,
1861,N756SK,,,,C,,,,M,
1862,N756US,,,,C,,,,M,
1863,N757AT,,,,,,,,M,
1864,N757LV,,,,,,,,M,
1865,N757UW,,,,C,,,,M,
1866,N75851,F,,,,,,,M,
1867,N75853,F,,,,,,,M,
1868,N75854,F,,,,,,,M,
1869,N75858,F,,,,,,,M,
1870,N758SK,,,,C,,,,M,
1871,N758SW,,,,,,,,M,
1872,N758US,,,,C,,,,M,
1873,N759GS,,,,,,,,M,
1874,N76010,F,,,,,,,M,
1875,N760AS,,,,,,,,M,
1876,N760JB,,,,,,,,M,
1877,N760SK,,,,C,,,,M,
1878,N760SW,,,,,,,,M,
1879,N760US,,,,C,,,,M,
1880,N761RR,,,,,,,,M,
1881,N76254,F,,,,,,,M,
1882,N76265,F,,,,,,,M,
1883,N76269,F,,,,,,,M,
1884,N76288,F,,,,,,,M,
1885,N762AS,,,,,,,,M,
1886,N762SK,,,,C,,,,M,
1887,N762SW,,,,,,,,M,
1888,N762US,,,,C,,,,M,
1889,N763AS,,,,,,,,M,
1890,N763JB,,,,,,,,M,
1891,N763SK,,,,C,,,,M,
1892,N763SW,,,,,,,,M,
1893,N763US,,,,C,,,,M,
1894,N764AS,,,,,,,,M,
1895,N764SK,,,,C,,,,M,
1896,N764SW,,,,,,,,M,
1897,N764US,,,,C,,,,M,
1898,N76502,F,,,,,,,M,
1899,N76503,F,M,,,,,,M,
1900,N76504,F,,,,,,,M,
1901,N76505,F,M,,,,,,M,
1902,N76508,F,,,,,,,M,
1903,N76514,F,M,,,,,,M,
1904,N76515,F,,,,,,,M,
1905,N76516,F,,,,,,,M,
1906,N76517,F,,,,,,,M,
1907,N76519,F,,,,,,,M,
1908,N76522,F,,,,,,,M,
1909,N76523,F,,,,,,,M,
1910,N76526,F,,,,,,,M,
1911,N76528,F,,,,,,,M,
1912,N76529,F,,,,,,,M,
1913,N765AS,,,,,,,,M,
1914,N765SK,,,,C,,,,M,
1915,N765SW,,,,,,,,M,
1916,N765US,,,,C,,,,M,
1917,N766JB,,,,,,,,M,
1918,N766SK,,,,C,,,,M,
1919,N766SW,,,,,,,,M,
1920,N766US,,,,C,,,,M,
1921,N767AS,,,,,,,,M,
1922,N767SK,,,,C,,,,M,
1923,N767SW,,M,,,,,,M,
1924,N767UW,,,,C,,,,M,
1925,N768AS,,,,,,,,M,
1926,N768JB,,,,,,,,M,
1927,N768SK,,,,C,,,,M,
1928,N768SW,,,,,,,,M,
1929,N768US,,,,C,,,,M,
1930,N769AS,,,,,,,,M,
1931,N769SW,,,,,,,,M,
1932,N769US,,,,C,,,,M,
1933,N7701B,,,,,,,,M,
1934,N7702A,,,,,,,,M,
1935,N7703A,,,,,,,,M,
1936,N7704B,,,,,,,,M,
1937,N7705A,,,,,,,,M,
1938,N7706A,,,,,,,,M,
1939,N7707C,,,,,,,,M,
1940,N7708E,,,,,,,,M,
1941,N7709A,,,,,,,,M,
1942,N770SA,,,,,,,,M,
1943,N770SK,,,,C,,,,M,
1944,N770UW,,,,C,,,,M,
1945,N7710A,,,,,,,,M,
1946,N7711N,,,,,,,,M,
1947,N7713A,,,,,,,,M,
1948,N7714B,,,,,,,,M,
1949,N7715E,,,,,,,,M,
1950,N7718B,,,,,,,,M,
1951,N771SA,,,,,,,,M,
1952,N771SK,,,,C,,,,M,
1953,N7720F,,,,,,,,M,
1954,N7721E,,,,,,,,M,
1955,N7722B,,,,,,,,M,
1956,N7724A,,,,,,,,M,
1957,N77258,F,,,,,,,M,
1958,N77261,F,,,,,,,M,
1959,N7726A,,,,,,,,M,
1960,N7728D,,,,,,,,M,
1961,N77295,F,,,,,,,M,
1962,N77296,F,,,,,,,M,
1963,N772SK,,,,C,,,,M,
1964,N772SW,,,,,,,,M,
1965,N7730A,,,,,,,,M,
1966,N7732A,,,,,,,,M,
1967,N7733B,,,,,,,,M,
1968,N7734H,,,,,,,,M,
1969,N7735A,,,,,,,,M,
1970,N7736A,,,,,,,,M,
1971,N7737E,,,,,,,,M,
1972,N7738A,,,,,,,,M,
1973,N7739A,,,,,,,,M,
1974,N773SA,,,,,,,,M,
1975,N773SK,,,,C,,,,M,
1976,N7740A,,,,,,,,M,
1977,N7741C,,,,,,,,M,
1978,N7742B,,,,,,,,M,
1979,N77430,F,,,,,,,M,
1980,N77431,F,,,,,,,M,
1981,N7743B,,,,,,,,M,
1982,N7744A,,,,,,,,M,
1983,N7745A,,,,,,,,M,
1984,N7746C,,,,,,,,M,
1985,N7747C,,,,,,,,M,
1986,N7748A,,,,,,,,M,
1987,N7749B,,,,,,,,M,
1988,N774SK,,,,C,,,,M,
1989,N774SW,,,,,,,,M,
1990,N7750A,,,,,,,,M,
1991,N77510,F,,,,,,,M,
1992,N77518,F,,,,,,,M,
1993,N7751A,,,,,,,,M,
1994,N77520,F,,,,,,,M,
1995,N77525,F,,,,,,,M,
1996,N7752B,,,,,,,,M,
1997,N77530,F,,,,,,,M,
1998,N775JB,,,,,,,,M,
1999,N775SW,,,,,,,,M,
2000,N776SK,,,,C,,,,M,
2001,N776WN,,,,,,,,M,
2002,N777QC,,,,,,,,M,
2003,N77871,F,,,,,,,M,
2004,N778AS,,,,,,,,M,
2005,N778SK,,,,C,,,,M,
2006,N778SW,,,,,,,,M,
2007,N779AS,,,,,,,,M,
2008,N779JB,,,,,,,,M,
2009,N779SK,,,,C,,,,M,
2010,N779SW,,,,,,,,M,
2011,N78017,F,,,,,,,M,
2012,N780SK,,,,C,,,,M,
2013,N780SW,,,,,,,,M,
2014,N7811F,,,,,,,,M,
2015,N7812G,,M,,,,,,M,
2016,N7813P,,,,,,,,M,
2017,N7814B,,,,,,,,M,
2018,N7815L,,,,,,,,M,
2019,N781WN,,,,,,,,M,
2020,N78285,F,,,,,,,M,
2021,N782SA,,,,,,,,M,
2022,N782SK,,,,C,,,,M,
2023,N783SK,,,,C,,,,M,
2024,N783SW,,,,,,,,M,
2025,N78438,F,,,,,,,M,
2026,N78448,F,,,,,,,M,
2027,N784JB,,,,,,,,M,
2028,N784SK,,,,C,,,,M,
2029,N784SW,,,,,,,,M,
2030,N78501,F,,,,,,,M,
2031,N78506,F,,,,,,,M,
2032,N78509,F,,,,,,,M,
2033,N78511,F,,,,,,,M,
2034,N78524,F,,,,,,,M,
2035,N785SK,,,,C,,,,M,
2036,N785SW,,,,,,,,M,
2037,N786AS,,,,,,,,M,
2038,N786SK,,,,C,,,,M,
2039,N786SW,,,,,,,,M,
2040,N787SA,,,,,,,,M,
2041,N787SK,,,,C,,,,M,
2042,N788AS,,,,,,,,M,
2043,N788SA,,,,,,,,M,
2044,N788SK,,,,C,,,,M,
2045,N789JB,,,,,,,,M,
2046,N789SK,,,,C,,,,M,
2047,N789SW,,,,,,,,M,
2048,N790SK,,,,C,,,,M,
2049,N790SW,,,,,,,,M,
2050,N791AS,,,,,,,,M,
2051,N791SK,,,,C,,,,M,
2052,N791SW,,,,,,,,M,
2053,N79279,F,,,,,,,M,
2054,N792AS,,,,,,,,M,
2055,N792SK,,,,C,,,,M,
2056,N792SW,,,,,,,,M,
2057,N793AS,,,,,,,,M,
2058,N793JB,,,,,,,,M,
2059,N793SA,,,,,,,,M,
2060,N793SK,,,,C,,,,M,
2061,N79402,F,,,,,,,M,
2062,N794AS,,,,,,,,M,
2063,N794JB,,,,,,,,M,
2064,N794SK,,,,C,,,,M,
2065,N794SW,,,,,,,,M,
2066,N79521,F,,,,,,,M,
2067,N795AS,,,,,,,,M,
2068,N795SK,,,,C,,,,M,
2069,N795SW,,,,,,,,M,
2070,N796AS,,,,,,,,M,
2071,N796JB,,,,,,,,M,
2072,N796SK,,,,C,,,,M,
2073,N796SW,,,,,,,,M,
2074,N797AS,,,,,,,,M,
2075,N797MX,,,,,,,,M,
2076,N797SK,,,,C,,,,M,
2077,N798SW,,,,,,,,M,
2078,N799AS,,,,,,,,M,
2079,N799SW,,M,,,,,,M,
2080,N800SK,,,,C,,,,M,
2081,N801AW,,,,C,,,,M,
2082,N801DZ,,,,,,,,M,
2083,N801UA,,,,C,,,,M,
2084,N802AW,,,,C,,,,M,
2085,N802DN,,,,,,,,M,
2086,N802SK,,,,C,,,,M,
2087,N802UA,,,,C,,,,M,
2088,N803AW,,,,C,,,,M,
2089,N803DN,,,,,,,,M,
2090,N803NW,,,,,,,,M,
2091,N803SK,,,,C,,,,M,
2092,N803UA,,,,C,,,,M,
2093,N804AW,,,,C,,,,M,
2094,N804DN,,,,,,,,M,
2095,N804JB,,,,,,,,M,
2096,N804NW,,,,,,,,M,
2097,N804SK,,,,C,,,,M,
2098,N804UA,,,,C,,,,M,
2099,N805AW,,,,C,,,,M,
2100,N805DN,,,,,,,,M,
2101,N805JB,,,,,,,,M,
2102,N805NW,,,,,,,,M,
2103,N805SK,,,,C,,,,M,
2104,N805UA,,,,C,,,,M,
2105,N806AW,,,,C,,,,M,
2106,N806DN,,,,,,,,M,
2107,N806JB,,,,,,,,M,
2108,N806SK,,,,C,,,,M,
2109,N806UA,,,,C,,,,M,
2110,N807AW,,,,C,,,,M,
2111,N807DN,,,,,,,,M,
2112,N807JB,,,,,,,,M,
2113,N807NW,,,,,,,,M,
2114,N807SK,,,,C,,,,M,
2115,N807UA,,,,C,,,,M,
2116,N808AW,,,,C,,,,M,
2117,N808DN,,,,,,,,M,
2118,N808UA,,,,C,,,,M,
2119,N809AW,,,,C,,,,M,
2120,N809DN,,,,,,,,M,
2121,N809JB,,,,,,,,M,
2122,N809SK,,,,C,,,,M,
2123,N809UA,,,,C,,,,M,
2124,N810AW,,,,C,,,,M,
2125,N810DN,,,,,,,,M,
2126,N810NW,,,,,,,,M,
2127,N810SK,,,,C,,,,M,
2128,N810UA,,,,C,,,,M,
2129,N811DZ,,,,,,,,M,
2130,N811UA,,,,C,,,,M,
2131,N812AW,,,,C,,,,M,
2132,N812DN,,,,,,,,M,
2133,N812NW,,,,,,,,M,
2134,N812SK,,,,C,,,,M,
2135,N812UA,,,,C,,,,M,
2136,N813AW,,,,C,,,,M,
2137,N813DN,,,,,,,,M,
2138,N813NW,,M,,,,,,M,
2139,N813SK,,,,C,,,,M,
2140,N813UA,,,,C,,,,M,
2141,N81449,F,,,,,,,M,
2142,N814AW,,,,C,,,,M,
2143,N814DN,,,,,,,,M,
2144,N814NW,,,,,,,,M,
2145,N814SK,,,,C,,,,M,
2146,N814UA,,,,C,,,,M,
2147,N815AW,,,,C,,,,M,
2148,N815DN,,,,,,,,M,
2149,N815SK,,,,C,,,,M,
2150,N815UA,,,,C,,,,M,
2151,N816AW,,,,C,,,,M,
2152,N816DN,,,,,,,,M,
2153,N816NW,,,,,,,,M,
2154,N816SK,,,,C,,,,M,
2155,N816UA,,,,C,,,,M,
2156,N817AW,,,,C,,,,M,
2157,N817DN,,,,,,,,M,
2158,N817NW,,,,,,,,M,
2159,N817SK,,,,C,,,,M,
2160,N817UA,,,,C,,,,M,
2161,N818AW,,,,C,,,,M,
2162,N818DA,,,,,,,,M,
2163,N818NW,,,,,,,,M,
2164,N818UA,,,,C,,,,M,
2165,N819AW,,,,C,,,,M,
2166,N819DN,,,,,,,,M,
2167,N819NW,,,,,,,,M,
2168,N819UA,,,,C,,,,M,
2169,N820AW,,,,C,,,,M,
2170,N820DN,,,,,,,,M,
2171,N820NW,,,,,,,,M,
2172,N820SK,,,,C,,,,M,
2173,N820UA,,,,C,,,,M,
2174,N821AW,,,,C,,,,M,
2175,N821DN,,,,,,,,M,
2176,N821JB,,,,,,,,M,
2177,N821NW,,,,,,,,M,
2178,N821SK,,,,C,,,,M,
2179,N821UA,,,,C,,,,M,
2180,N822AW,,,,C,,,,M,
2181,N822DN,,,,,,,,M,
2182,N822SK,,,,C,,,,M,
2183,N822UA,,,,C,,,,M,
2184,N823AW,,,,C,,,,M,
2185,N823DN,,,,,,,,M,
2186,N823SK,,,,C,,,,M,
2187,N823UA,,,,C,,,,M,
2188,N824AS,,,,,,,,M,
2189,N824AW,,,,C,,,,M,
2190,N824DN,,,,,,,,M,
2191,N824SK,,,,C,,,,M,
2192,N824UA,,,,C,,,,M,
2193,N825AW,,,,C,,,,M,
2194,N825DN,,,,,,,,M,
2195,N825SK,,,,C,,,,M,
2196,N825UA,,,,C,,,,M,
2197,N826AW,,M,,C,,,,M,
2198,N826DN,,,,,,,,M,
2199,N826MH,,,,,,,,M,
2200,N826UA,,,,C,,,,M,
2201,N827AW,,,,C,,,,M,
2202,N827DN,,,,,,,,M,
2203,N827JB,,,,,,,,M,
2204,N827UA,,,,C,,,,M,
2205,N828AW,,M,,C,,,,M,
2206,N828DN,,,,,,,,M,
2207,N828JB,,,,,,,,M,
2208,N828UA,,,,C,,,,M,
2209,N829AW,,M,,C,,,,M,
2210,N829DN,,,,,,,,M,
2211,N829UA,,,,C,,,,M,
2212,N8301J,,,,,,,,M,
2213,N8302F,,,,,,,,M,
2214,N8303R,,M,,,,,,M,
2215,N8305E,,,,,,,,M,
2216,N8306H,,,,,,,,M,
2217,N8307K,,,,,,,,M,
2218,N8308K,,,,,,,,M,
2219,N8309C,,,,,,,,M,
2220,N830AW,,M,,C,,,,M,
2221,N830DN,,,,,,,,M,
2222,N830UA,,,,C,,,,M,
2223,N8310C,,,,,,,,M,
2224,N8311Q,,,,,,,,M,
2225,N8312C,,,,,,,,M,
2226,N8313F,,,,,,,,M,
2227,N8314L,,,,,,,,M,
2228,N8315C,,,,,,,,M,
2229,N8316H,,,,,,,,M,
2230,N8317M,,,,,,,,M,
2231,N8318F,,,,,,,,M,
2232,N8319F,,,,,,,,M,
2233,N831AW,,,,C,,,,M,
2234,N831MH,,,,,,,,M,
2235,N831UA,,,,C,,,,M,
2236,N8320J,,,,,,,,M,
2237,N8321D,,,,,,,,M,
2238,N8322X,,,,,,,,M,
2239,N8323C,,,,,,,,M,
2240,N8324A,,,,,,,,M,
2241,N8325D,,,,,,,,M,
2242,N8326F,,,,,,,,M,
2243,N8327A,,,,,,,,M,
2244,N8328A,,,,,,,,M,
2245,N8329B,,,,,,,,M,
2246,N832AW,,,,C,,,,M,
2247,N832UA,,,,C,,,,M,
2248,N833AW,,,,,,,,M,
2249,N833UA,,,,C,,,,M,
2250,N834AW,,M,,,,,,M,
2251,N834JB,,,,,,,,M,
2252,N834MH,,,,,,,,M,
2253,N834UA,,,,C,,,,M,
2254,N835AW,,M,,,,,,M,
2255,N835MH,,,,,,,,M,
2256,N835UA,,,,C,,,,M,
2257,N835VA,,,,,,,,M,
2258,N836AW,,,,,,,,M,
2259,N836MH,,,,,,,,M,
2260,N836UA,,,,C,,,,M,
2261,N836VA,,,,,,,,M,
2262,N837AW,,,,,,,,M,
2263,N837UA,,,,C,,,,M,
2264,N837VA,,,,,,,,M,
2265,N838AW,,,,,,,,M,
2266,N838MH,,,,,,,,M,
2267,N838UA,,,,C,,,,M,
2268,N838VA,,,,,,,,M,
2269,N839AW,,,,,,,,M,
2270,N839MH,,,,,,,,M,
2271,N839UA,,,,C,,,,M,
2272,N839VA,,,,,,,,M,
2273,N840AW,,,,,,,,M,
2274,N840UA,,,,C,,,,M,
2275,N840VA,,,,,,,,M,
2276,N841UA,,,,C,,,,M,
2277,N841VA,,M,,,,,,M,
2278,N842UA,,,,C,,,,M,
2279,N842VA,,,,,,,,M,
2280,N843MH,,,,,,,,M,
2281,N843UA,,,,C,,,,M,
2282,N843VA,,,,,,,,M,
2283,N844MH,,,,,,,,M,
2284,N844UA,,,,C,,,,M,
2285,N844VA,,,,,,,,M,
2286,N845UA,,,,C,,,,M,
2287,N845VA,,,,,,,,M,
2288,N846UA,,,,C,,,,M,
2289,N846VA,,,,,,,,M,
2290,N847UA,,,,C,,,,M,
2291,N847VA,,,,,,,,M,
2292,N848UA,,,,C,,,,M,
2293,N848VA,,,,,,,,M,
2294,N849UA,,,,C,,,,M,
2295,N849VA,,,,,,,,M,
2296,N850UA,,,,C,,,,M,
2297,N851NW,,,,C,,,,M,
2298,N851UA,,,,,,,,M,
2299,N851VA,,,,,,,,M,
2300,N852NW,,,,,,,,M,
2301,N852UA,,,,,,,,M,
2302,N852VA,,,,,,,,M,
2303,N853NW,,,,,,,,M,
2304,N853UA,,,,,,,,M,
2305,N853VA,,,,,,,,M,
2306,N854NW,,,,,,,,M,
2307,N854UA,,,,,,,,M,
2308,N854VA,,,,,,,,M,
2309,N855NW,,,,,,,,M,
2310,N855UA,,,,,,,,M,
2311,N855VA,,,,,,,,M,
2312,N856NW,,,,,,,,M,
2313,N857NW,,,,,,,,M,
2314,N858NW,,,,,,,,M,
2315,N859NW,,,,,,,,M,
2316,N8600F,,,,,,,,M,
2317,N8601C,,,,,,,,M,
2318,N8602F,,,,,,,,M,
2319,N8603F,,,,,,,,M,
2320,N8604K,,,,,,,,M,
2321,N8605E,,,,,,,,M,
2322,N8606C,,M,,,,,,M,
2323,N8607M,,,,,,,,M,
2324,N8608N,,,,,,,,M,
2325,N8609A,,,,,,,,M,
2326,N860NW,,,,,,,,M,
2327,N8610A,,,,,,,,M,
2328,N8611F,,,,,,,,M,
2329,N8612K,,,,,,,,M,
2330,N8613K,,,,,,,,M,
2331,N8614M,,,,,,,,M,
2332,N8615E,,,,,,,,M,
2333,N8616C,,,,,,,,M,
2334,N8617E,,,,,,,,M,
2335,N8618N,,,,,,,,M,
2336,N8619F,,,,,,,,M,
2337,N861NW,,,,,,,,M,
2338,N8620H,,,,,,,,M,
2339,N8621A,,,,,,,,M,
2340,N8622A,,,,,,,,M,
2341,N8623F,,,,,,,,M,
2342,N8624J,,,,,,,,M,
2343,N8625A,,,,,,,,M,
2344,N8626B,,,,,,,,M,
2345,N8627B,,,,,,,,M,
2346,N8628A,,,,,,,,M,
2347,N8629A,,,,,,,,M,
2348,N8630B,,,,,,,,M,
2349,N8631A,,,,,,,,M,
2350,N8632A,,,,,,,,M,
2351,N8633A,,,,,,,,M,
2352,N8634A,,,,,,,,M,
2353,N8635F,,,,,,,,M,
2354,N8637A,,,,,,,,M,
2355,N8638A,,,,,,,,M,
2356,N8639B,,,,,,,,M,
2357,N8640D,,,,,,,,M,
2358,N8641B,,,,,,,,M,
2359,N8642E,,,,,,,,M,
2360,N8643A,,,,,,,,M,
2361,N8644C,,,,,,,,M,
2362,N8645A,,,,,,,,M,
2363,N8646B,,,,,,,,M,
2364,N8647A,,,,,,,,M,
2365,N8648A,,,,,,,,M,
2366,N8649A,,,,,,,,M,
2367,N8650F,,,,,,,,M,
2368,N8651A,,,,,,,,M,
2369,N8652B,,,,,,,,M,
2370,N874AS,,,,C,,,,M,
2371,N87507,F,,,,,,,M,
2372,N87512,F,,,,,,,M,
2373,N87513,F,,,,,,,M,
2374,N87527,F,,,,,,,M,
2375,N87531,F,,,,,,,M,
2376,N900PC,,,,,,,,M,
2377,N900WN,,,,,,,,M,
2378,N901AW,,,,,,,,M,
2379,N901DA,,,,,,,,M,
2380,N901WN,,,,,,,,M,
2381,N902AW,,,,,,,,M,
2382,N902DA,,,,,,,,M,
2383,N902FR,,,,C,,,,M,
2384,N902WN,,,,,,,,M,
2385,N903DA,,,,,,,,M,
2386,N903SW,,,,C,,,,M,
2387,N903WN,,,,,,,,M,
2388,N904AW,,,,,,,,M,
2389,N904DA,,,,,,,,M,
2390,N904FR,,,,C,,,,M,
2391,N904WN,,,,,,,,M,
2392,N905AW,,,,,,,,M,
2393,N905DA,,,,,,,,M,
2394,N905FR,,,,C,,,,M,
2395,N905SW,,,,C,,,,M,
2396,N905WN,,,,,,,,M,
2397,N906DA,,,,,,,,M,
2398,N906FR,,,,,,,,M,
2399,N906WN,,,,,,,,M,
2400,N907DA,,,,,,,,M,
2401,N907DL,,,,C,,,,M,
2402,N907WN,,,,,,,,M,
2403,N908AW,,,,,,,,M,
2404,N908DA,,,,,,,,M,
2405,N908FR,,,,,,,,M,
2406,N908SW,,,,C,,,,M,
2407,N908WN,,,,,,,,M,
2408,N909DA,,,,,,,,M,
2409,N909SW,,,,C,,,,M,
2410,N909WN,,,,,,,,M,
2411,N910AW,,,,,,,,M,
2412,N910DN,,,,,,,,M,
2413,N910FR,,,,,,,,M,
2414,N910SW,,,,C,,,,M,
2415,N910WN,,,,,,,,M,
2416,N911DA,,,,,,,,M,
2417,N912DN,,,,,,,,M,
2418,N912FR,,,,,,,,M,
2419,N912SW,,,,C,,,,M,
2420,N912UY,,,,,,,,M,
2421,N912WN,,,,,,,,M,
2422,N913DN,,,,,,,,M,
2423,N913SW,,,,C,,,,M,
2424,N913US,,,,,,,,M,
2425,N913WN,,,,,,,,M,
2426,N914DN,,,,,,,,M,
2427,N914UY,,,,,,,,M,
2428,N914WN,,,,,,,,M,
2429,N915DN,,,,,,,,M,
2430,N915SW,,M,,C,,,,M,
2431,N915US,,M,,,,,,M,
2432,N915WN,,,,,,,,M,
2433,N916DN,,,,,,,,M,
2434,N916SW,,,,C,,,,M,
2435,N916WN,,,,,,,,M,
2436,N917DN,,,,,,,,M,
2437,N917SW,,M,,C,,,,M,
2438,N917WN,,,,,,,,M,
2439,N918DH,,,,,,,,M,
2440,N918FR,,,,,,,,M,
2441,N918SW,,M,,C,,,,M,
2442,N918WN,,,,,,,,M,
2443,N919DN,,,,,,,,M,
2444,N919FR,,,,,,,,M,
2445,N919SW,,,,C,,,,M,
2446,N919WN,,,,,,,,M,
2447,N920DN,,M,,,,,,M,
2448,N920FR,,,,,,,,M,
2449,N920SW,,,,C,,,,M,
2450,N920WN,,,,,,,,M,
2451,N921DN,,M,,,,,,M,
2452,N921FR,,,,,,,,M,
2453,N921WN,,,,,,,,M,
2454,N922DX,,M,,,,,,M,
2455,N922FR,,,,,,,,M,
2456,N922WN,,,,,,,,M,
2457,N923DN,,M,,,F,,,M,
2458,N923FR,,,,,,,,M,
2459,N923SW,,,,C,,,,M,
2460,N923WN,,,,,,,,M,
2461,N924DN,,M,,,F,,,M,
2462,N924FR,,,,,,,,M,
2463,N924SW,,,,C,,,,M,
2464,N924WN,,,,,,,,M,
2465,N925DN,,M,,,F,,,M,
2466,N925FR,,,,,,,,M,
2467,N925SW,,,,C,,,,M,
2468,N925WN,,,,,,,,M,
2469,N926DH,,M,,,F,,,M,
2470,N926FR,,,,,,,,M,
2471,N926SW,,,,C,,,,M,
2472,N926WN,,M,,,,,,M,
2473,N927DN,,,,,F,,,M,
2474,N927FR,,,,,,,,M,
2475,N927SW,,,,C,,,,M,
2476,N927WN,,M,,,,,,M,
2477,N928DN,,M,,,F,,,M,
2478,N928EV,,,,C,,,,M,
2479,N928FR,,,,,,,,M,
2480,N928SW,,,,C,,,,M,
2481,N928WN,,M,,,,,,M,
2482,N929DN,,,,,,,,M,
2483,N929EV,,,,C,,,,M,
2484,N929FR,,,,,,,,M,
2485,N929SW,,,,C,,,,M,
2486,N929WN,,,,,,,,M,
2487,N930DN,,,,,,,,M,
2488,N930EV,,M,,C,,,,M,
2489,N930SW,,,,C,,,,M,
2490,N930WN,,,,,,,,M,
2491,N931DN,,,,,,,,M,
2492,N931FR,,,,,,,,M,
2493,N931WN,,,,,,,,M,
2494,N932DN,,,,,,,,M,
2495,N932EV,,,,C,,,,M,
2496,N932FR,,,,,,,,M,
2497,N932SW,,,,C,,,,M,
2498,N932WN,,,,,,,,M,
2499,N933DN,,,,,,,,M,
2500,N933FR,,,,,,,,M,
2501,N933WN,,,,,,,,M,
2502,N934DN,,,,,,,,M,
2503,N934FR,,,,,,,,M,
2504,N934SW,,,,C,,,,M,
2505,N934WN,,,,,,,,M,
2506,N935DN,,,,,,,,M,
2507,N935FR,,,,,,,,M,
2508,N935SW,,,,C,,,,M,
2509,N935WN,,,,,,,,M,
2510,N936DN,,,,,,,,M,
2511,N936SW,,,,C,,,,M,
2512,N936WN,,,,,,,,M,
2513,N937DN,,M,,,,,,M,
2514,N937SW,,,,C,,,,M,
2515,N937WN,,,,,,,,M,
2516,N938DL,,,,C,,,,M,
2517,N938DN,,,,,,,,M,
2518,N938FR,,,,,,,,M,
2519,N938SW,,,,C,,,,M,
2520,N938WN,,,,,,,,M,
2521,N939DN,,,,,,,,M,
2522,N939FR,,,,,,,,M,
2523,N939SW,,,,C,,,,M,
2524,N939WN,,,,,,,,M,
2525,N940DN,,,,,,,,M,
2526,N940WN,,,,,,,,M,
2527,N941DN,,,,,,,,M,
2528,N941FR,,,,,,,,M,
2529,N941SW,,,,C,,,,M,
2530,N941WN,,,,,,,,M,
2531,N942DN,,,,,,,,M,
2532,N942WN,,,,,,,,M,
2533,N943DN,,,,,,,,M,
2534,N943FR,,,,,,,,M,
2535,N943SW,,,,C,,,,M,
2536,N943WN,,,,,,,,M,
2537,N944DN,,,,,,,,M,
2538,N944WN,,,,,,,,M,
2539,N945DN,,,,,F,,,M,
2540,N945SW,,,,C,,,,M,
2541,N945WN,,,,,,,,M,
2542,N946DN,,,,,,,,M,
2543,N946SW,,,,C,,,,M,
2544,N946WN,,,,,,,,M,
2545,N947DN,,,,,,,,M,
2546,N947FR,,,,,,,,M,
2547,N947SW,,,,C,,,,M,
2548,N947WN,,,,,,,,M,
2549,N948DN,,,,,,,,M,
2550,N948FR,,,,,,,,M,
2551,N948SW,,,,C,,,,M,
2552,N948WN,,,,,,,,M,
2553,N949DN,,,,,,,,M,
2554,N949FR,,,,,,,,M,
2555,N949WN,,,,,,,,M,
2556,N950DN,,M,,,,,,M,
2557,N950WN,,,,,,,,M,
2558,N951DN,,,,,,,,M,
2559,N951FR,,,,,,,,M,
2560,N951SW,,,,C,,,,M,
2561,N951WN,,,,,,,,M,
2562,N952DN,,,,,F,,,M,
2563,N952FR,,,,,,,,M,
2564,N952SW,,,,C,,,,M,
2565,N952WN,,,,,,,,M,
2566,N953DN,,M,,,,,,M,
2567,N953FR,,,,,,,,M,
2568,N953SW,,,,C,,,,M,
2569,N953WN,,,,,,,,M,
2570,N954DN,,,,,,,,M,
2571,N954FR,,,,,,,,M,
2572,N954SW,,,,C,,,,M,
2573,N954WN,,,,,,,,M,
2574,N955DN,,,,,,,,M,
2575,N955WN,,,,,,,,M,
2576,N956DN,,,,,,,,M,
2577,N956SW,,,,C,,,,M,
2578,N956WN,,,,,,,,M,
2579,N957DN,,,,,,,,M,
2580,N957SW,,,,C,,,,M,
2581,N957WN,,,,,,,,M,
2582,N958DN,,,,,,,,M,
2583,N958SW,,,,C,,,,M,
2584,N958WN,,,,,,,,M,
2585,N959DN,,,,,F,,,M,
2586,N959SW,,,,C,,,,M,
2587,N959WN,,,,,,,,M,
2588,N960DN,,,,,F,,,M,
2589,N960SW,,,,C,,,,M,
2590,N960WN,,,,,,,,M,
2591,N961DN,,,,,F,,,M,
2592,N961SW,,,,C,,,,M,
2593,N961WN,,,,,,,,M,
2594,N962DN,,,,,F,,,M,
2595,N962SW,,,,C,,,,M,
2596,N962WN,,,,,,,,M,
2597,N963DN,,,,,F,,,M,
2598,N963SW,,,,C,,,,M,
2599,N963WN,,,,,,,,M,
2600,N964DN,,,,,F,,,M,
2601,N964SW,,,,C,,,,M,
2602,N964WN,,,,,,,,M,
2603,N965DN,,,,,F,,,M,
2604,N965SW,,,,C,,,,M,
2605,N965WN,,,,,,,,M,
2606,N966WN,,,,,,,,M,
2607,N967SW,,,,C,,,,M,
2608,N967WN,,,,,,,,M,
2609,N968WN,,,,,,,,M,
2610,N969SW,,,,C,,,,M,
2611,N969WN,,,,,,,,M,
2612,N970SW,,,,C,,,,M,
2613,N971SW,,,,C,,,,M,
2614,N971UY,,M,,,,,,M,
2615,N973SW,,,,C,,,,M,
2616,N975SW,,,,C,,,,M,
2617,N976SW,,,,C,,,,M,
2618,N978SW,,,,C,,,,M,
2619,N979SW,,,,C,,,,M,
2620,N980SW,,,,C,,,,M,
2621,N982SW,,,,C,,,,M,
2622,N983CA,,,,,,,,M,
2623,N983SW,,,,C,,,,M,
2624,N984CA,,,,,,,,M,
2625,N986CA,,M,,,,,,M,
2626,N986SW,,,,C,,,,M,
2627,N988CA,,,,,,,,M,
